key,0,1,2,3,4,5,6,7,8,9,10,11,12,13
#,,GlassesStyle,Icon,,Singular,,Plural,,,,,,Description,Name
int32,uint32,GlassesStyle,Image,uint16,str,sbyte,str,sbyte,sbyte,sbyte,sbyte,sbyte,str,str
0,0,-1,0,0,"",0,"",0,0,1,0,0,"",""
1,71037,0,200049,0,"橢圓眼鏡",0,"",0,0,1,0,0,"基礎色的臉部配件。","橢圓眼鏡"
2,136573,0,200053,0,"銀框橢圓眼鏡",0,"",0,0,1,0,0,"銀色的臉部配件。","銀框橢圓眼鏡"
3,202109,0,200052,0,"金框橢圓眼鏡",0,"",0,0,1,0,0,"金色的臉部配件。","金框橢圓眼鏡"
4,267645,0,200054,0,"黑框橢圓眼鏡",0,"",0,0,1,0,0,"黑色的臉部配件。","黑框橢圓眼鏡"
5,333181,0,200059,0,"白框橢圓眼鏡",0,"",0,0,1,0,0,"白色的臉部配件。","白框橢圓眼鏡"
6,398717,0,200050,0,"灰框橢圓眼鏡",0,"",0,0,1,0,0,"灰色的臉部配件。","灰框橢圓眼鏡"
7,464253,0,200057,0,"紅框橢圓眼鏡",0,"",0,0,1,0,0,"紅色的臉部配件。","紅框橢圓眼鏡"
8,529789,0,200056,0,"藍框橢圓眼鏡",0,"",0,0,1,0,0,"藍色的臉部配件。","藍框橢圓眼鏡"
9,595325,0,200060,0,"綠框橢圓眼鏡",0,"",0,0,1,0,0,"綠色的臉部配件。","綠框橢圓眼鏡"
10,660861,0,200051,0,"銅框橢圓眼鏡",0,"",0,0,1,0,0,"銅色的臉部配件。","銅框橢圓眼鏡"
11,726397,0,200055,0,"紫框橢圓眼鏡",0,"",0,0,1,0,0,"紫色的臉部配件。","紫框橢圓眼鏡"
12,791933,0,200058,0,"棕框橢圓眼鏡",0,"",0,0,1,0,0,"棕色的臉部配件。","棕框橢圓眼鏡"
13,71038,1,200085,0,"金邊墨鏡",0,"",0,0,1,0,0,"基礎色的臉部配件。","金邊墨鏡"
14,136574,1,200089,0,"銀框金邊墨鏡",0,"",0,0,1,0,0,"銀色的臉部配件。","銀框金邊墨鏡"
15,202110,1,200088,0,"金框金邊墨鏡",0,"",0,0,1,0,0,"金色的臉部配件。","金框金邊墨鏡"
16,267646,1,200090,0,"黑框金邊墨鏡",0,"",0,0,1,0,0,"黑色的臉部配件。","黑框金邊墨鏡"
17,333182,1,200095,0,"白框金邊墨鏡",0,"",0,0,1,0,0,"白色的臉部配件。","白框金邊墨鏡"
18,398718,1,200086,0,"灰框金邊墨鏡",0,"",0,0,1,0,0,"灰色的臉部配件。","灰框金邊墨鏡"
19,464254,1,200093,0,"紅框金邊墨鏡",0,"",0,0,1,0,0,"紅色的臉部配件。","紅框金邊墨鏡"
20,529790,1,200092,0,"藍框金邊墨鏡",0,"",0,0,1,0,0,"藍色的臉部配件。","藍框金邊墨鏡"
21,595326,1,200096,0,"綠框金邊墨鏡",0,"",0,0,1,0,0,"綠色的臉部配件。","綠框金邊墨鏡"
22,660862,1,200087,0,"銅框金邊墨鏡",0,"",0,0,1,0,0,"銅色的臉部配件。","銅框金邊墨鏡"
23,726398,1,200091,0,"紫框金邊墨鏡",0,"",0,0,1,0,0,"紫色的臉部配件。","紫框金邊墨鏡"
24,791934,1,200094,0,"棕框金邊墨鏡",0,"",0,0,1,0,0,"棕色的臉部配件。","棕框金邊墨鏡"
25,71039,2,200061,0,"經典眼鏡",0,"",0,0,1,0,0,"基礎色的臉部配件。","經典眼鏡"
26,136575,2,200065,0,"銀框經典眼鏡",0,"",0,0,1,0,0,"銀色的臉部配件。","銀框經典眼鏡"
27,202111,2,200064,0,"金框經典眼鏡",0,"",0,0,1,0,0,"金色的臉部配件。","金框經典眼鏡"
28,267647,2,200066,0,"黑框經典眼鏡",0,"",0,0,1,0,0,"黑色的臉部配件。","黑框經典眼鏡"
29,333183,2,200071,0,"白框經典眼鏡",0,"",0,0,1,0,0,"白色的臉部配件。","白框經典眼鏡"
30,398719,2,200062,0,"灰框經典眼鏡",0,"",0,0,1,0,0,"灰色的臉部配件。","灰框經典眼鏡"
31,464255,2,200069,0,"紅框經典眼鏡",0,"",0,0,1,0,0,"紅色的臉部配件。","紅框經典眼鏡"
32,529791,2,200068,0,"藍框經典眼鏡",0,"",0,0,1,0,0,"藍色的臉部配件。","藍框經典眼鏡"
33,595327,2,200072,0,"綠框經典眼鏡",0,"",0,0,1,0,0,"綠色的臉部配件。","綠框經典眼鏡"
34,660863,2,200063,0,"銅框經典眼鏡",0,"",0,0,1,0,0,"銅色的臉部配件。","銅框經典眼鏡"
35,726399,2,200067,0,"紫框經典眼鏡",0,"",0,0,1,0,0,"紫色的臉部配件。","紫框經典眼鏡"
36,791935,2,200070,0,"棕框經典眼鏡",0,"",0,0,1,0,0,"棕色的臉部配件。","棕框經典眼鏡"
37,71040,3,200013,0,"玫瑰色眼鏡",0,"",0,0,1,0,0,"基礎色的臉部配件。","玫瑰色眼鏡"
38,136576,3,200017,0,"銀框玫瑰色眼鏡",0,"",0,0,1,0,0,"銀色的臉部配件。","銀框玫瑰色眼鏡"
39,202112,3,200016,0,"金框玫瑰色眼鏡",0,"",0,0,1,0,0,"金色的臉部配件。","金框玫瑰色眼鏡"
40,267648,3,200018,0,"黑框玫瑰色眼鏡",0,"",0,0,1,0,0,"黑色的臉部配件。","黑框玫瑰色眼鏡"
41,333184,3,200023,0,"白框玫瑰色眼鏡",0,"",0,0,1,0,0,"白色的臉部配件。","白框玫瑰色眼鏡"
42,398720,3,200014,0,"灰框玫瑰色眼鏡",0,"",0,0,1,0,0,"灰色的臉部配件。","灰框玫瑰色眼鏡"
43,464256,3,200021,0,"紅框玫瑰色眼鏡",0,"",0,0,1,0,0,"紅色的臉部配件。","紅框玫瑰色眼鏡"
44,529792,3,200020,0,"藍框玫瑰色眼鏡",0,"",0,0,1,0,0,"藍色的臉部配件。","藍框玫瑰色眼鏡"
45,595328,3,200024,0,"綠框玫瑰色眼鏡",0,"",0,0,1,0,0,"綠色的臉部配件。","綠框玫瑰色眼鏡"
46,660864,3,200015,0,"銅框玫瑰色眼鏡",0,"",0,0,1,0,0,"銅色的臉部配件。","銅框玫瑰色眼鏡"
47,726400,3,200019,0,"紫框玫瑰色眼鏡",0,"",0,0,1,0,0,"紫色的臉部配件。","紫框玫瑰色眼鏡"
48,791936,3,200022,0,"棕框玫瑰色眼鏡",0,"",0,0,1,0,0,"棕色的臉部配件。","棕框玫瑰色眼鏡"
49,71041,4,200001,0,"基礎款眼鏡",0,"",0,0,1,0,0,"基礎色的臉部配件。","基礎款眼鏡"
50,136577,4,200005,0,"銀框基礎款眼鏡",0,"",0,0,1,0,0,"銀色的臉部配件。","銀框基礎款眼鏡"
51,202113,4,200004,0,"金框基礎款眼鏡",0,"",0,0,1,0,0,"金色的臉部配件。","金框基礎款眼鏡"
52,267649,4,200006,0,"黑框基礎款眼鏡",0,"",0,0,1,0,0,"黑色的臉部配件。","黑框基礎款眼鏡"
53,333185,4,200011,0,"白框基礎款眼鏡",0,"",0,0,1,0,0,"白色的臉部配件。","白框基礎款眼鏡"
54,398721,4,200002,0,"灰框基礎款眼鏡",0,"",0,0,1,0,0,"灰色的臉部配件。","灰框基礎款眼鏡"
55,464257,4,200009,0,"紅框基礎款眼鏡",0,"",0,0,1,0,0,"紅色的臉部配件。","紅框基礎款眼鏡"
56,529793,4,200008,0,"藍框基礎款眼鏡",0,"",0,0,1,0,0,"藍色的臉部配件。","藍框基礎款眼鏡"
57,595329,4,200012,0,"綠框基礎款眼鏡",0,"",0,0,1,0,0,"綠色的臉部配件。","綠框基礎款眼鏡"
58,660865,4,200003,0,"銅框基礎款眼鏡",0,"",0,0,1,0,0,"銅色的臉部配件。","銅框基礎款眼鏡"
59,726401,4,200007,0,"紫框基礎款眼鏡",0,"",0,0,1,0,0,"紫色的臉部配件。","紫框基礎款眼鏡"
60,791937,4,200010,0,"棕框基礎款眼鏡",0,"",0,0,1,0,0,"棕色的臉部配件。","棕框基礎款眼鏡"
61,71042,5,200025,0,"單片眼鏡",0,"",0,0,1,0,0,"基礎色的臉部配件。","單片眼鏡"
62,136578,5,200029,0,"銀框單片眼鏡",0,"",0,0,1,0,0,"銀色的臉部配件。","銀框單片眼鏡"
63,202114,5,200028,0,"金框單片眼鏡",0,"",0,0,1,0,0,"金色的臉部配件。","金框單片眼鏡"
64,267650,5,200030,0,"黑框單片眼鏡",0,"",0,0,1,0,0,"黑色的臉部配件。","黑框單片眼鏡"
65,333186,5,200035,0,"白框單片眼鏡",0,"",0,0,1,0,0,"白色的臉部配件。","白框單片眼鏡"
66,398722,5,200026,0,"灰框單片眼鏡",0,"",0,0,1,0,0,"灰色的臉部配件。","灰框單片眼鏡"
67,464258,5,200033,0,"紅框單片眼鏡",0,"",0,0,1,0,0,"紅色的臉部配件。","紅框單片眼鏡"
68,529794,5,200032,0,"藍框單片眼鏡",0,"",0,0,1,0,0,"藍色的臉部配件。","藍框單片眼鏡"
69,595330,5,200036,0,"綠框單片眼鏡",0,"",0,0,1,0,0,"綠色的臉部配件。","綠框單片眼鏡"
70,660866,5,200027,0,"銅框單片眼鏡",0,"",0,0,1,0,0,"銅色的臉部配件。","銅框單片眼鏡"
71,726402,5,200031,0,"紫框單片眼鏡",0,"",0,0,1,0,0,"紫色的臉部配件。","紫框單片眼鏡"
72,791938,5,200034,0,"棕框單片眼鏡",0,"",0,0,1,0,0,"棕色的臉部配件。","棕框單片眼鏡"
73,71043,6,200037,0,"現代框眼鏡",0,"",0,0,1,0,0,"基礎色的臉部配件。","現代框眼鏡"
74,136579,6,200041,0,"銀框現代框眼鏡",0,"",0,0,1,0,0,"銀色的臉部配件。","銀框現代框眼鏡"
75,202115,6,200040,0,"金框現代框眼鏡",0,"",0,0,1,0,0,"金色的臉部配件。","金框現代框眼鏡"
76,267651,6,200042,0,"黑框現代框眼鏡",0,"",0,0,1,0,0,"黑色的臉部配件。","黑框現代框眼鏡"
77,333187,6,200047,0,"白框現代框眼鏡",0,"",0,0,1,0,0,"白色的臉部配件。","白框現代框眼鏡"
78,398723,6,200038,0,"灰框現代框眼鏡",0,"",0,0,1,0,0,"灰色的臉部配件。","灰框現代框眼鏡"
79,464259,6,200045,0,"紅框現代框眼鏡",0,"",0,0,1,0,0,"紅色的臉部配件。","紅框現代框眼鏡"
80,529795,6,200044,0,"藍框現代框眼鏡",0,"",0,0,1,0,0,"藍色的臉部配件。","藍框現代框眼鏡"
81,595331,6,200048,0,"綠框現代框眼鏡",0,"",0,0,1,0,0,"綠色的臉部配件。","綠框現代框眼鏡"
82,660867,6,200039,0,"銅框現代框眼鏡",0,"",0,0,1,0,0,"銅色的臉部配件。","銅框現代框眼鏡"
83,726403,6,200043,0,"紫框現代框眼鏡",0,"",0,0,1,0,0,"紫色的臉部配件。","紫框現代框眼鏡"
84,791939,6,200046,0,"棕框現代框眼鏡",0,"",0,0,1,0,0,"棕色的臉部配件。","棕框現代框眼鏡"
85,71044,7,200097,0,"無框眼鏡",0,"",0,0,1,0,0,"基礎色的臉部配件。","無框眼鏡"
86,136580,7,200101,0,"銀色無框眼鏡",0,"",0,0,1,0,0,"銀色的臉部配件。","銀色無框眼鏡"
87,202116,7,200100,0,"金色無框眼鏡",0,"",0,0,1,0,0,"金色的臉部配件。","金色無框眼鏡"
88,267652,7,200102,0,"黑色無框眼鏡",0,"",0,0,1,0,0,"黑色的臉部配件。","黑色無框眼鏡"
89,333188,7,200107,0,"白色無框眼鏡",0,"",0,0,1,0,0,"白色的臉部配件。","白色無框眼鏡"
90,398724,7,200098,0,"灰色無框眼鏡",0,"",0,0,1,0,0,"灰色的臉部配件。","灰色無框眼鏡"
91,464260,7,200105,0,"紅色無框眼鏡",0,"",0,0,1,0,0,"紅色的臉部配件。","紅色無框眼鏡"
92,529796,7,200104,0,"藍色無框眼鏡",0,"",0,0,1,0,0,"藍色的臉部配件。","藍色無框眼鏡"
93,595332,7,200108,0,"綠色無框眼鏡",0,"",0,0,1,0,0,"綠色的臉部配件。","綠色無框眼鏡"
94,660868,7,200099,0,"銅色無框眼鏡",0,"",0,0,1,0,0,"銅色的臉部配件。","銅色無框眼鏡"
95,726404,7,200103,0,"紫色無框眼鏡",0,"",0,0,1,0,0,"紫色的臉部配件。","紫色無框眼鏡"
96,791940,7,200106,0,"棕色無框眼鏡",0,"",0,0,1,0,0,"棕色的臉部配件。","棕色無框眼鏡"
97,71045,8,200109,0,"粗框眼鏡",0,"",0,0,1,0,0,"基礎色的臉部配件。","粗框眼鏡"
98,136581,8,200113,0,"銀色粗框眼鏡",0,"",0,0,1,0,0,"銀色的臉部配件。","銀色粗框眼鏡"
99,202117,8,200112,0,"金色粗框眼鏡",0,"",0,0,1,0,0,"金色的臉部配件。","金色粗框眼鏡"
100,267653,8,200114,0,"黑色粗框眼鏡",0,"",0,0,1,0,0,"黑色的臉部配件。","黑色粗框眼鏡"
101,333189,8,200119,0,"白色粗框眼鏡",0,"",0,0,1,0,0,"白色的臉部配件。","白色粗框眼鏡"
102,398725,8,200110,0,"灰色粗框眼鏡",0,"",0,0,1,0,0,"灰色的臉部配件。","灰色粗框眼鏡"
103,464261,8,200117,0,"紅色粗框眼鏡",0,"",0,0,1,0,0,"紅色的臉部配件。","紅色粗框眼鏡"
104,529797,8,200116,0,"藍色粗框眼鏡",0,"",0,0,1,0,0,"藍色的臉部配件。","藍色粗框眼鏡"
105,595333,8,200120,0,"綠色粗框眼鏡",0,"",0,0,1,0,0,"綠色的臉部配件。","綠色粗框眼鏡"
106,660869,8,200111,0,"銅色粗框眼鏡",0,"",0,0,1,0,0,"銅色的臉部配件。","銅色粗框眼鏡"
107,726405,8,200115,0,"紫色粗框眼鏡",0,"",0,0,1,0,0,"紫色的臉部配件。","紫色粗框眼鏡"
108,791941,8,200118,0,"棕色粗框眼鏡",0,"",0,0,1,0,0,"棕色的臉部配件。","棕色粗框眼鏡"
109,71046,9,200073,0,"藝術眼鏡",0,"",0,0,1,0,0,"基礎色的臉部配件。","藝術眼鏡"
110,136582,9,200077,0,"銀框藝術眼鏡",0,"",0,0,1,0,0,"銀色的臉部配件。","銀框藝術眼鏡"
111,202118,9,200076,0,"金框藝術眼鏡",0,"",0,0,1,0,0,"金色的臉部配件。","金框藝術眼鏡"
112,267654,9,200078,0,"黑框藝術眼鏡",0,"",0,0,1,0,0,"黑色的臉部配件。","黑框藝術眼鏡"
113,333190,9,200083,0,"白框藝術眼鏡",0,"",0,0,1,0,0,"白色的臉部配件。","白框藝術眼鏡"
114,398726,9,200074,0,"灰框藝術眼鏡",0,"",0,0,1,0,0,"灰色的臉部配件。","灰框藝術眼鏡"
115,464262,9,200081,0,"紅框藝術眼鏡",0,"",0,0,1,0,0,"紅色的臉部配件。","紅框藝術眼鏡"
116,529798,9,200080,0,"藍框藝術眼鏡",0,"",0,0,1,0,0,"藍色的臉部配件。","藍框藝術眼鏡"
117,595334,9,200084,0,"綠框藝術眼鏡",0,"",0,0,1,0,0,"綠色的臉部配件。","綠框藝術眼鏡"
118,660870,9,200075,0,"銅框藝術眼鏡",0,"",0,0,1,0,0,"銅色的臉部配件。","銅框藝術眼鏡"
119,726406,9,200079,0,"紫框藝術眼鏡",0,"",0,0,1,0,0,"紫色的臉部配件。","紫框藝術眼鏡"
120,791942,9,200082,0,"棕框藝術眼鏡",0,"",0,0,1,0,0,"棕色的臉部配件。","棕框藝術眼鏡"
121,71047,10,200121,0,"鼻眼鏡",0,"",0,0,1,0,0,"基礎色的臉部配件。","鼻眼鏡"
122,136583,10,200122,0,"銀框鼻眼鏡",0,"",0,0,1,0,0,"銀色的臉部配件。","銀框鼻眼鏡"
123,202119,10,200123,0,"金框鼻眼鏡",0,"",0,0,1,0,0,"金色的臉部配件。","金框鼻眼鏡"
124,267655,10,200124,0,"黑框鼻眼鏡",0,"",0,0,1,0,0,"黑色的臉部配件。","黑框鼻眼鏡"
125,333191,10,200125,0,"白框鼻眼鏡",0,"",0,0,1,0,0,"白色的臉部配件。","白框鼻眼鏡"
126,398727,10,200126,0,"灰框鼻眼鏡",0,"",0,0,1,0,0,"灰色的臉部配件。","灰框鼻眼鏡"
127,464263,10,200127,0,"紅框鼻眼鏡",0,"",0,0,1,0,0,"紅色的臉部配件。","紅框鼻眼鏡"
128,529799,10,200128,0,"藍框鼻眼鏡",0,"",0,0,1,0,0,"藍色的臉部配件。","藍框鼻眼鏡"
129,595335,10,200129,0,"綠框鼻眼鏡",0,"",0,0,1,0,0,"綠色的臉部配件。","綠框鼻眼鏡"
130,660871,10,200130,0,"銅框鼻眼鏡",0,"",0,0,1,0,0,"銅色的臉部配件。","銅框鼻眼鏡"
131,726407,10,200131,0,"紫框鼻眼鏡",0,"",0,0,1,0,0,"紫色的臉部配件。","紫框鼻眼鏡"
132,791943,10,200132,0,"棕框鼻眼鏡",0,"",0,0,1,0,0,"棕色的臉部配件。","棕框鼻眼鏡"
133,71048,11,200133,0,"作業眼鏡",0,"",0,0,1,0,0,"基礎色的臉部配件。","作業眼鏡"
134,136584,11,200134,0,"銀框作業眼鏡",0,"",0,0,1,0,0,"銀色的臉部配件。","銀框作業眼鏡"
135,202120,11,200135,0,"金框作業眼鏡",0,"",0,0,1,0,0,"金色的臉部配件。","金框作業眼鏡"
136,267656,11,200136,0,"黑框作業眼鏡",0,"",0,0,1,0,0,"黑色的臉部配件。","黑框作業眼鏡"
137,333192,11,200137,0,"白框作業眼鏡",0,"",0,0,1,0,0,"白色的臉部配件。","白框作業眼鏡"
138,398728,11,200138,0,"灰框作業眼鏡",0,"",0,0,1,0,0,"灰色的臉部配件。","灰框作業眼鏡"
139,464264,11,200139,0,"紅框作業眼鏡",0,"",0,0,1,0,0,"紅色的臉部配件。","紅框作業眼鏡"
140,529800,11,200140,0,"藍框作業眼鏡",0,"",0,0,1,0,0,"藍色的臉部配件。","藍框作業眼鏡"
141,595336,11,200141,0,"綠框作業眼鏡",0,"",0,0,1,0,0,"綠色的臉部配件。","綠框作業眼鏡"
142,660872,11,200142,0,"銅框作業眼鏡",0,"",0,0,1,0,0,"銅色的臉部配件。","銅框作業眼鏡"
143,726408,11,200143,0,"紫框作業眼鏡",0,"",0,0,1,0,0,"紫色的臉部配件。","紫框作業眼鏡"
144,791944,11,200144,0,"棕框作業眼鏡",0,"",0,0,1,0,0,"棕色的臉部配件。","棕框作業眼鏡"
145,71049,12,200145,0,"黃銅護目鏡",0,"",0,0,1,0,0,"基礎色的臉部配件。","黃銅護目鏡"
146,136585,12,200146,0,"銀框黃銅護目鏡",0,"",0,0,1,0,0,"銀色的臉部配件。","銀框黃銅護目鏡"
147,202121,12,200147,0,"金框黃銅護目鏡",0,"",0,0,1,0,0,"金色的臉部配件。","金框黃銅護目鏡"
148,267657,12,200148,0,"黑框黃銅護目鏡",0,"",0,0,1,0,0,"黑色的臉部配件。","黑框黃銅護目鏡"
149,333193,12,200149,0,"白框黃銅護目鏡",0,"",0,0,1,0,0,"白色的臉部配件。","白框黃銅護目鏡"
150,398729,12,200150,0,"灰框黃銅護目鏡",0,"",0,0,1,0,0,"灰色的臉部配件。","灰框黃銅護目鏡"
151,464265,12,200151,0,"紅框黃銅護目鏡",0,"",0,0,1,0,0,"紅色的臉部配件。","紅框黃銅護目鏡"
152,529801,12,200152,0,"藍框黃銅護目鏡",0,"",0,0,1,0,0,"藍色的臉部配件。","藍框黃銅護目鏡"
153,595337,12,200153,0,"綠框黃銅護目鏡",0,"",0,0,1,0,0,"綠色的臉部配件。","綠框黃銅護目鏡"
154,660873,12,200154,0,"銅框黃銅護目鏡",0,"",0,0,1,0,0,"銅色的臉部配件。","銅框黃銅護目鏡"
155,726409,12,200155,0,"紫框黃銅護目鏡",0,"",0,0,1,0,0,"紫色的臉部配件。","紫框黃銅護目鏡"
156,791945,12,200156,0,"棕框黃銅護目鏡",0,"",0,0,1,0,0,"棕色的臉部配件。","棕框黃銅護目鏡"
157,71050,13,200157,0,"下框眼鏡",0,"",0,0,1,0,0,"基礎色的臉部配件。","下框眼鏡"
158,136586,13,200158,0,"銀框下框眼鏡",0,"",0,0,1,0,0,"銀色的臉部配件。","銀框下框眼鏡"
159,202122,13,200159,0,"金框下框眼鏡",0,"",0,0,1,0,0,"金色的臉部配件。","金框下框眼鏡"
160,267658,13,200160,0,"黑框下框眼鏡",0,"",0,0,1,0,0,"黑色的臉部配件。","黑框下框眼鏡"
161,333194,13,200161,0,"白框下框眼鏡",0,"",0,0,1,0,0,"白色的臉部配件。","白框下框眼鏡"
162,398730,13,200162,0,"灰框下框眼鏡",0,"",0,0,1,0,0,"灰色的臉部配件。","灰框下框眼鏡"
163,464266,13,200163,0,"紅框下框眼鏡",0,"",0,0,1,0,0,"紅色的臉部配件。","紅框下框眼鏡"
164,529802,13,200164,0,"藍框下框眼鏡",0,"",0,0,1,0,0,"藍色的臉部配件。","藍框下框眼鏡"
165,595338,13,200165,0,"綠框下框眼鏡",0,"",0,0,1,0,0,"綠色的臉部配件。","綠框下框眼鏡"
166,660874,13,200166,0,"銅框下框眼鏡",0,"",0,0,1,0,0,"銅色的臉部配件。","銅框下框眼鏡"
167,726410,13,200167,0,"紫框下框眼鏡",0,"",0,0,1,0,0,"紫色的臉部配件。","紫框下框眼鏡"
168,791946,13,200168,0,"棕框下框眼鏡",0,"",0,0,1,0,0,"棕色的臉部配件。","棕框下框眼鏡"
169,71051,14,200169,0,"橢圓讀書眼鏡",0,"",0,0,1,0,0,"基礎色的臉部配件。","橢圓讀書眼鏡"
170,136587,14,200170,0,"銀框橢圓讀書眼鏡",0,"",0,0,1,0,0,"銀色的臉部配件。","銀框橢圓讀書眼鏡"
171,202123,14,200171,0,"金框橢圓讀書眼鏡",0,"",0,0,1,0,0,"金色的臉部配件。","金框橢圓讀書眼鏡"
172,267659,14,200172,0,"黑框橢圓讀書眼鏡",0,"",0,0,1,0,0,"黑色的臉部配件。","黑框橢圓讀書眼鏡"
173,333195,14,200173,0,"白框橢圓讀書眼鏡",0,"",0,0,1,0,0,"白色的臉部配件。","白框橢圓讀書眼鏡"
174,398731,14,200174,0,"灰框橢圓讀書眼鏡",0,"",0,0,1,0,0,"灰色的臉部配件。","灰框橢圓讀書眼鏡"
175,464267,14,200175,0,"紅框橢圓讀書眼鏡",0,"",0,0,1,0,0,"紅色的臉部配件。","紅框橢圓讀書眼鏡"
176,529803,14,200176,0,"藍框橢圓讀書眼鏡",0,"",0,0,1,0,0,"藍色的臉部配件。","藍框橢圓讀書眼鏡"
177,595339,14,200177,0,"綠框橢圓讀書眼鏡",0,"",0,0,1,0,0,"綠色的臉部配件。","綠框橢圓讀書眼鏡"
178,660875,14,200178,0,"銅框橢圓讀書眼鏡",0,"",0,0,1,0,0,"銅色的臉部配件。","銅框橢圓讀書眼鏡"
179,726411,14,200179,0,"紫框橢圓讀書眼鏡",0,"",0,0,1,0,0,"紫色的臉部配件。","紫框橢圓讀書眼鏡"
180,791947,14,200180,0,"棕框橢圓讀書眼鏡",0,"",0,0,1,0,0,"棕色的臉部配件。","棕框橢圓讀書眼鏡"
181,71052,15,200181,0,"典雅無框眼鏡",0,"",0,0,1,0,0,"基礎色的臉部配件。","典雅無框眼鏡"
182,136588,15,200182,0,"銀框典雅無框眼鏡",0,"",0,0,1,0,0,"銀色的臉部配件。","銀框典雅無框眼鏡"
183,202124,15,200183,0,"金框典雅無框眼鏡",0,"",0,0,1,0,0,"金色的臉部配件。","金框典雅無框眼鏡"
184,267660,15,200184,0,"黑框典雅無框眼鏡",0,"",0,0,1,0,0,"黑色的臉部配件。","黑框典雅無框眼鏡"
185,333196,15,200185,0,"白框典雅無框眼鏡",0,"",0,0,1,0,0,"白色的臉部配件。","白框典雅無框眼鏡"
186,398732,15,200186,0,"灰框典雅無框眼鏡",0,"",0,0,1,0,0,"灰色的臉部配件。","灰框典雅無框眼鏡"
187,464268,15,200187,0,"紅框典雅無框眼鏡",0,"",0,0,1,0,0,"紅色的臉部配件。","紅框典雅無框眼鏡"
188,529804,15,200188,0,"藍框典雅無框眼鏡",0,"",0,0,1,0,0,"藍色的臉部配件。","藍框典雅無框眼鏡"
189,595340,15,200189,0,"綠框典雅無框眼鏡",0,"",0,0,1,0,0,"綠色的臉部配件。","綠框典雅無框眼鏡"
190,660876,15,200190,0,"銅框典雅無框眼鏡",0,"",0,0,1,0,0,"銅色的臉部配件。","銅框典雅無框眼鏡"
191,726412,15,200191,0,"紫框典雅無框眼鏡",0,"",0,0,1,0,0,"紫色的臉部配件。","紫框典雅無框眼鏡"
192,791948,15,200192,0,"棕框典雅無框眼鏡",0,"",0,0,1,0,0,"棕色的臉部配件。","棕框典雅無框眼鏡"
193,71053,16,200193,0,"貓眼眼鏡",0,"",0,0,1,0,0,"基礎色的臉部配件。","貓眼眼鏡"
194,136589,16,200194,0,"銀框貓眼眼鏡",0,"",0,0,1,0,0,"銀色的臉部配件。","銀框貓眼眼鏡"
195,202125,16,200195,0,"金框貓眼眼鏡",0,"",0,0,1,0,0,"金色的臉部配件。","金框貓眼眼鏡"
196,267661,16,200196,0,"黑框貓眼眼鏡",0,"",0,0,1,0,0,"黑色的臉部配件。","黑框貓眼眼鏡"
197,333197,16,200197,0,"白框貓眼眼鏡",0,"",0,0,1,0,0,"白色的臉部配件。","白框貓眼眼鏡"
198,398733,16,200198,0,"灰框貓眼眼鏡",0,"",0,0,1,0,0,"灰色的臉部配件。","灰框貓眼眼鏡"
199,464269,16,200199,0,"紅框貓眼眼鏡",0,"",0,0,1,0,0,"紅色的臉部配件。","紅框貓眼眼鏡"
200,529805,16,200200,0,"藍框貓眼眼鏡",0,"",0,0,1,0,0,"藍色的臉部配件。","藍框貓眼眼鏡"
201,595341,16,200201,0,"綠框貓眼眼鏡",0,"",0,0,1,0,0,"綠色的臉部配件。","綠框貓眼眼鏡"
202,660877,16,200202,0,"銅框貓眼眼鏡",0,"",0,0,1,0,0,"銅色的臉部配件。","銅框貓眼眼鏡"
203,726413,16,200203,0,"紫框貓眼眼鏡",0,"",0,0,1,0,0,"紫色的臉部配件。","紫框貓眼眼鏡"
204,791949,16,200204,0,"棕框貓眼眼鏡",0,"",0,0,1,0,0,"棕色的臉部配件。","棕框貓眼眼鏡"
205,71054,17,200205,0,"窄框眼鏡",0,"",0,0,1,0,0,"基礎色的臉部配件。","窄框眼鏡"
206,136590,17,200206,0,"銀框窄框眼鏡",0,"",0,0,1,0,0,"銀色的臉部配件。","銀框窄框眼鏡"
207,202126,17,200207,0,"金框窄框眼鏡",0,"",0,0,1,0,0,"金色的臉部配件。","金框窄框眼鏡"
208,267662,17,200208,0,"黑框窄框眼鏡",0,"",0,0,1,0,0,"黑色的臉部配件。","黑框窄框眼鏡"
209,333198,17,200209,0,"白框窄框眼鏡",0,"",0,0,1,0,0,"白色的臉部配件。","白框窄框眼鏡"
210,398734,17,200210,0,"灰框窄框眼鏡",0,"",0,0,1,0,0,"灰色的臉部配件。","灰框窄框眼鏡"
211,464270,17,200211,0,"紅框窄框眼鏡",0,"",0,0,1,0,0,"紅色的臉部配件。","紅框窄框眼鏡"
212,529806,17,200212,0,"藍框窄框眼鏡",0,"",0,0,1,0,0,"藍色的臉部配件。","藍框窄框眼鏡"
213,595342,17,200213,0,"綠框窄框眼鏡",0,"",0,0,1,0,0,"綠色的臉部配件。","綠框窄框眼鏡"
214,660878,17,200214,0,"銅框窄框眼鏡",0,"",0,0,1,0,0,"銅色的臉部配件。","銅框窄框眼鏡"
215,726414,17,200215,0,"紫框窄框眼鏡",0,"",0,0,1,0,0,"紫色的臉部配件。","紫框窄框眼鏡"
216,791950,17,200216,0,"棕框窄框眼鏡",0,"",0,0,1,0,0,"棕色的臉部配件。","棕框窄框眼鏡"
217,71055,18,200217,0,"彩色護目鏡",0,"",0,0,1,0,0,"基礎色的臉部配件。","彩色護目鏡"
218,136591,18,200218,0,"銀框彩色護目鏡",0,"",0,0,1,0,0,"銀色的臉部配件。","銀框彩色護目鏡"
219,202127,18,200219,0,"金框彩色護目鏡",0,"",0,0,1,0,0,"金色的臉部配件。","金框彩色護目鏡"
220,267663,18,200220,0,"黑框彩色護目鏡",0,"",0,0,1,0,0,"黑色的臉部配件。","黑框彩色護目鏡"
221,333199,18,200221,0,"白框彩色護目鏡",0,"",0,0,1,0,0,"白色的臉部配件。","白框彩色護目鏡"
222,398735,18,200222,0,"灰框彩色護目鏡",0,"",0,0,1,0,0,"灰色的臉部配件。","灰框彩色護目鏡"
223,464271,18,200223,0,"紅框彩色護目鏡",0,"",0,0,1,0,0,"紅色的臉部配件。","紅框彩色護目鏡"
224,529807,18,200224,0,"藍框彩色護目鏡",0,"",0,0,1,0,0,"藍色的臉部配件。","藍框彩色護目鏡"
225,595343,18,200225,0,"綠框彩色護目鏡",0,"",0,0,1,0,0,"綠色的臉部配件。","綠框彩色護目鏡"
226,660879,18,200226,0,"銅框彩色護目鏡",0,"",0,0,1,0,0,"銅色的臉部配件。","銅框彩色護目鏡"
227,726415,18,200227,0,"紫框彩色護目鏡",0,"",0,0,1,0,0,"紫色的臉部配件。","紫框彩色護目鏡"
228,791951,18,200228,0,"棕框彩色護目鏡",0,"",0,0,1,0,0,"棕色的臉部配件。","棕框彩色護目鏡"
229,71056,19,200229,0,"左側眼罩",0,"",0,0,1,0,0,"基礎色的臉部配件。","左側眼罩"
230,136592,19,200230,0,"銀色左側眼罩",0,"",0,0,1,0,0,"銀色的臉部配件。","銀色左側眼罩"
231,202128,19,200231,0,"金色左側眼罩",0,"",0,0,1,0,0,"金色的臉部配件。","金色左側眼罩"
232,267664,19,200232,0,"黑色左側眼罩",0,"",0,0,1,0,0,"黑色的臉部配件。","黑色左側眼罩"
233,333200,19,200233,0,"白色左側眼罩",0,"",0,0,1,0,0,"白色的臉部配件。","白色左側眼罩"
234,398736,19,200234,0,"灰色左側眼罩",0,"",0,0,1,0,0,"灰色的臉部配件。","灰色左側眼罩"
235,464272,19,200235,0,"紅色左側眼罩",0,"",0,0,1,0,0,"紅色的臉部配件。","紅色左側眼罩"
236,529808,19,200236,0,"藍色左側眼罩",0,"",0,0,1,0,0,"藍色的臉部配件。","藍色左側眼罩"
237,595344,19,200237,0,"綠色左側眼罩",0,"",0,0,1,0,0,"綠色的臉部配件。","綠色左側眼罩"
238,660880,19,200238,0,"銅色左側眼罩",0,"",0,0,1,0,0,"銅色的臉部配件。","銅色左側眼罩"
239,726416,19,200239,0,"紫色左側眼罩",0,"",0,0,1,0,0,"紫色的臉部配件。","紫色左側眼罩"
240,791952,19,200240,0,"棕色左側眼罩",0,"",0,0,1,0,0,"棕色的臉部配件。","棕色左側眼罩"
241,71057,20,200241,0,"右側眼罩",0,"",0,0,1,0,0,"基礎色的臉部配件。","右側眼罩"
242,136593,20,200242,0,"銀色右側眼罩",0,"",0,0,1,0,0,"銀色的臉部配件。","銀色右側眼罩"
243,202129,20,200243,0,"金色右側眼罩",0,"",0,0,1,0,0,"金色的臉部配件。","金色右側眼罩"
244,267665,20,200244,0,"黑色右側眼罩",0,"",0,0,1,0,0,"黑色的臉部配件。","黑色右側眼罩"
245,333201,20,200245,0,"白色右側眼罩",0,"",0,0,1,0,0,"白色的臉部配件。","白色右側眼罩"
246,398737,20,200246,0,"灰色右側眼罩",0,"",0,0,1,0,0,"灰色的臉部配件。","灰色右側眼罩"
247,464273,20,200247,0,"紅色右側眼罩",0,"",0,0,1,0,0,"紅色的臉部配件。","紅色右側眼罩"
248,529809,20,200248,0,"藍色右側眼罩",0,"",0,0,1,0,0,"藍色的臉部配件。","藍色右側眼罩"
249,595345,20,200249,0,"綠色右側眼罩",0,"",0,0,1,0,0,"綠色的臉部配件。","綠色右側眼罩"
250,660881,20,200250,0,"銅色右側眼罩",0,"",0,0,1,0,0,"銅色的臉部配件。","銅色右側眼罩"
251,726417,20,200251,0,"紫色右側眼罩",0,"",0,0,1,0,0,"紫色的臉部配件。","紫色右側眼罩"
252,791953,20,200252,0,"棕色右側眼罩",0,"",0,0,1,0,0,"棕色的臉部配件。","棕色右側眼罩"
253,71058,21,200253,0,"左側金屬眼罩",0,"",0,0,1,0,0,"基礎色的臉部配件。","左側金屬眼罩"
254,136594,21,200254,0,"銀色左側金屬眼罩",0,"",0,0,1,0,0,"銀色的臉部配件。","銀色左側金屬眼罩"
255,202130,21,200255,0,"金色左側金屬眼罩",0,"",0,0,1,0,0,"金色的臉部配件。","金色左側金屬眼罩"
256,267666,21,200256,0,"黑色左側金屬眼罩",0,"",0,0,1,0,0,"黑色的臉部配件。","黑色左側金屬眼罩"
257,333202,21,200257,0,"白色左側金屬眼罩",0,"",0,0,1,0,0,"白色的臉部配件。","白色左側金屬眼罩"
258,398738,21,200258,0,"灰色左側金屬眼罩",0,"",0,0,1,0,0,"灰色的臉部配件。","灰色左側金屬眼罩"
259,464274,21,200259,0,"紅色左側金屬眼罩",0,"",0,0,1,0,0,"紅色的臉部配件。","紅色左側金屬眼罩"
260,529810,21,200260,0,"藍色左側金屬眼罩",0,"",0,0,1,0,0,"藍色的臉部配件。","藍色左側金屬眼罩"
261,595346,21,200261,0,"綠色左側金屬眼罩",0,"",0,0,1,0,0,"綠色的臉部配件。","綠色左側金屬眼罩"
262,660882,21,200262,0,"銅色左側金屬眼罩",0,"",0,0,1,0,0,"銅色的臉部配件。","銅色左側金屬眼罩"
263,726418,21,200263,0,"紫色左側金屬眼罩",0,"",0,0,1,0,0,"紫色的臉部配件。","紫色左側金屬眼罩"
264,791954,21,200264,0,"棕色左側金屬眼罩",0,"",0,0,1,0,0,"棕色的臉部配件。","棕色左側金屬眼罩"
265,71059,22,200265,0,"右側金屬眼罩",0,"",0,0,1,0,0,"基礎色的臉部配件。","右側金屬眼罩"
266,136595,22,200266,0,"銀色右側金屬眼罩",0,"",0,0,1,0,0,"銀色的臉部配件。","銀色右側金屬眼罩"
267,202131,22,200267,0,"金色右側金屬眼罩",0,"",0,0,1,0,0,"金色的臉部配件。","金色右側金屬眼罩"
268,267667,22,200268,0,"黑色右側金屬眼罩",0,"",0,0,1,0,0,"黑色的臉部配件。","黑色右側金屬眼罩"
269,333203,22,200269,0,"白色右側金屬眼罩",0,"",0,0,1,0,0,"白色的臉部配件。","白色右側金屬眼罩"
270,398739,22,200270,0,"灰色右側金屬眼罩",0,"",0,0,1,0,0,"灰色的臉部配件。","灰色右側金屬眼罩"
271,464275,22,200271,0,"紅色右側金屬眼罩",0,"",0,0,1,0,0,"紅色的臉部配件。","紅色右側金屬眼罩"
272,529811,22,200272,0,"藍色右側金屬眼罩",0,"",0,0,1,0,0,"藍色的臉部配件。","藍色右側金屬眼罩"
273,595347,22,200273,0,"綠色右側金屬眼罩",0,"",0,0,1,0,0,"綠色的臉部配件。","綠色右側金屬眼罩"
274,660883,22,200274,0,"銅色右側金屬眼罩",0,"",0,0,1,0,0,"銅色的臉部配件。","銅色右側金屬眼罩"
275,726419,22,200275,0,"紫色右側金屬眼罩",0,"",0,0,1,0,0,"紫色的臉部配件。","紫色右側金屬眼罩"
276,791955,22,200276,0,"棕色右側金屬眼罩",0,"",0,0,1,0,0,"棕色的臉部配件。","棕色右側金屬眼罩"
277,71060,23,200277,0,"豹目眼鏡",0,"",0,0,1,0,0,"基礎色的臉部配件。","豹目眼鏡"
278,136596,23,200278,0,"銀框豹目眼鏡",0,"",0,0,1,0,0,"銀色的臉部配件。","銀框豹目眼鏡"
279,202132,23,200279,0,"金框豹目眼鏡",0,"",0,0,1,0,0,"金色的臉部配件。","金框豹目眼鏡"
280,267668,23,200280,0,"黑框豹目眼鏡",0,"",0,0,1,0,0,"黑色的臉部配件。","黑框豹目眼鏡"
281,333204,23,200281,0,"白框豹目眼鏡",0,"",0,0,1,0,0,"白色的臉部配件。","白框豹目眼鏡"
282,398740,23,200282,0,"灰框豹目眼鏡",0,"",0,0,1,0,0,"灰色的臉部配件。","灰框豹目眼鏡"
283,464276,23,200283,0,"紅框豹目眼鏡",0,"",0,0,1,0,0,"紅色的臉部配件。","紅框豹目眼鏡"
284,529812,23,200284,0,"藍框豹目眼鏡",0,"",0,0,1,0,0,"藍色的臉部配件。","藍框豹目眼鏡"
285,595348,23,200285,0,"綠框豹目眼鏡",0,"",0,0,1,0,0,"綠色的臉部配件。","綠框豹目眼鏡"
286,660884,23,200286,0,"銅框豹目眼鏡",0,"",0,0,1,0,0,"銅色的臉部配件。","銅框豹目眼鏡"
287,726420,23,200287,0,"紫框豹目眼鏡",0,"",0,0,1,0,0,"紫色的臉部配件。","紫框豹目眼鏡"
288,791956,23,200288,0,"棕框豹目眼鏡",0,"",0,0,1,0,0,"棕色的臉部配件。","棕框豹目眼鏡"
289,71061,24,200289,0,"閱讀眼鏡",0,"",0,0,1,0,0,"基礎色的臉部配件。","閱讀眼鏡"
290,136597,24,200290,0,"銀框閱讀眼鏡",0,"",0,0,1,0,0,"銀色的臉部配件。","銀框閱讀眼鏡"
291,202133,24,200291,0,"金框閱讀眼鏡",0,"",0,0,1,0,0,"金色的臉部配件。","金框閱讀眼鏡"
292,267669,24,200292,0,"黑框閱讀眼鏡",0,"",0,0,1,0,0,"黑色的臉部配件。","黑框閱讀眼鏡"
293,333205,24,200293,0,"白框閱讀眼鏡",0,"",0,0,1,0,0,"白色的臉部配件。","白框閱讀眼鏡"
294,398741,24,200294,0,"灰框閱讀眼鏡",0,"",0,0,1,0,0,"灰色的臉部配件。","灰框閱讀眼鏡"
295,464277,24,200295,0,"紅框閱讀眼鏡",0,"",0,0,1,0,0,"紅色的臉部配件。","紅框閱讀眼鏡"
296,529813,24,200296,0,"藍框閱讀眼鏡",0,"",0,0,1,0,0,"藍色的臉部配件。","藍框閱讀眼鏡"
297,595349,24,200297,0,"綠框閱讀眼鏡",0,"",0,0,1,0,0,"綠色的臉部配件。","綠框閱讀眼鏡"
298,660885,24,200298,0,"銅框閱讀眼鏡",0,"",0,0,1,0,0,"銅色的臉部配件。","銅框閱讀眼鏡"
299,726421,24,200299,0,"紫框閱讀眼鏡",0,"",0,0,1,0,0,"紫色的臉部配件。","紫框閱讀眼鏡"
300,791957,24,200300,0,"棕框閱讀眼鏡",0,"",0,0,1,0,0,"棕色的臉部配件。","棕框閱讀眼鏡"
301,71062,25,200301,0,"淡色眼鏡",0,"",0,0,1,0,0,"基礎色的臉部配件。","淡色眼鏡"
302,136598,25,200302,0,"銀框淡色眼鏡",0,"",0,0,1,0,0,"銀色的臉部配件。","銀框淡色眼鏡"
303,202134,25,200303,0,"金框淡色眼鏡",0,"",0,0,1,0,0,"金色的臉部配件。","金框淡色眼鏡"
304,267670,25,200304,0,"黑框淡色眼鏡",0,"",0,0,1,0,0,"黑色的臉部配件。","黑框淡色眼鏡"
305,333206,25,200305,0,"白框淡色眼鏡",0,"",0,0,1,0,0,"白色的臉部配件。","白框淡色眼鏡"
306,398742,25,200306,0,"灰框淡色眼鏡",0,"",0,0,1,0,0,"灰色的臉部配件。","灰框淡色眼鏡"
307,464278,25,200307,0,"紅框淡色眼鏡",0,"",0,0,1,0,0,"紅色的臉部配件。","紅框淡色眼鏡"
308,529814,25,200308,0,"藍框淡色眼鏡",0,"",0,0,1,0,0,"藍色的臉部配件。","藍框淡色眼鏡"
309,595350,25,200309,0,"綠框淡色眼鏡",0,"",0,0,1,0,0,"綠色的臉部配件。","綠框淡色眼鏡"
310,660886,25,200310,0,"銅框淡色眼鏡",0,"",0,0,1,0,0,"銅色的臉部配件。","銅框淡色眼鏡"
311,726422,25,200311,0,"紫框淡色眼鏡",0,"",0,0,1,0,0,"紫色的臉部配件。","紫框淡色眼鏡"
312,791958,25,200312,0,"棕框淡色眼鏡",0,"",0,0,1,0,0,"棕色的臉部配件。","棕框淡色眼鏡"
313,71063,26,200313,0,"時髦眼鏡",0,"",0,0,1,0,0,"基礎色的臉部配件。","時髦眼鏡"
314,136599,26,200314,0,"銀框時髦眼鏡",0,"",0,0,1,0,0,"銀色的臉部配件。","銀框時髦眼鏡"
315,202135,26,200315,0,"金框時髦眼鏡",0,"",0,0,1,0,0,"金色的臉部配件。","金框時髦眼鏡"
316,267671,26,200316,0,"黑框時髦眼鏡",0,"",0,0,1,0,0,"黑色的臉部配件。","黑框時髦眼鏡"
317,333207,26,200317,0,"白框時髦眼鏡",0,"",0,0,1,0,0,"白色的臉部配件。","白框時髦眼鏡"
318,398743,26,200318,0,"灰框時髦眼鏡",0,"",0,0,1,0,0,"灰色的臉部配件。","灰框時髦眼鏡"
319,464279,26,200319,0,"紅框時髦眼鏡",0,"",0,0,1,0,0,"紅色的臉部配件。","紅框時髦眼鏡"
320,529815,26,200320,0,"藍框時髦眼鏡",0,"",0,0,1,0,0,"藍色的臉部配件。","藍框時髦眼鏡"
321,595351,26,200321,0,"綠框時髦眼鏡",0,"",0,0,1,0,0,"綠色的臉部配件。","綠框時髦眼鏡"
322,660887,26,200322,0,"銅框時髦眼鏡",0,"",0,0,1,0,0,"銅色的臉部配件。","銅框時髦眼鏡"
323,726423,26,200323,0,"紫框時髦眼鏡",0,"",0,0,1,0,0,"紫色的臉部配件。","紫框時髦眼鏡"
324,791959,26,200324,0,"棕框時髦眼鏡",0,"",0,0,1,0,0,"棕色的臉部配件。","棕框時髦眼鏡"
325,0,0,0,0,"",0,"",0,0,0,0,0,"",""
326,0,0,0,0,"",0,"",0,0,0,0,0,"",""
327,0,0,0,0,"",0,"",0,0,0,0,0,"",""
328,0,0,0,0,"",0,"",0,0,0,0,0,"",""
329,0,0,0,0,"",0,"",0,0,0,0,0,"",""
330,0,0,0,0,"",0,"",0,0,0,0,0,"",""
331,0,0,0,0,"",0,"",0,0,0,0,0,"",""
332,0,0,0,0,"",0,"",0,0,0,0,0,"",""
333,0,0,0,0,"",0,"",0,0,0,0,0,"",""
334,0,0,0,0,"",0,"",0,0,0,0,0,"",""
335,0,0,0,0,"",0,"",0,0,0,0,0,"",""
336,0,0,0,0,"",0,"",0,0,0,0,0,"",""
337,0,0,0,0,"",0,"",0,0,0,0,0,"",""
338,0,0,0,0,"",0,"",0,0,0,0,0,"",""
339,0,0,0,0,"",0,"",0,0,0,0,0,"",""
340,0,0,0,0,"",0,"",0,0,0,0,0,"",""
341,0,0,0,0,"",0,"",0,0,0,0,0,"",""
342,0,0,0,0,"",0,"",0,0,0,0,0,"",""
343,0,0,0,0,"",0,"",0,0,0,0,0,"",""
344,0,0,0,0,"",0,"",0,0,0,0,0,"",""
345,0,0,0,0,"",0,"",0,0,0,0,0,"",""
346,0,0,0,0,"",0,"",0,0,0,0,0,"",""
347,0,0,0,0,"",0,"",0,0,0,0,0,"",""
348,0,0,0,0,"",0,"",0,0,0,0,0,"",""
349,0,0,0,0,"",0,"",0,0,0,0,0,"",""
350,0,0,0,0,"",0,"",0,0,0,0,0,"",""
351,0,0,0,0,"",0,"",0,0,0,0,0,"",""
352,0,0,0,0,"",0,"",0,0,0,0,0,"",""
353,0,0,0,0,"",0,"",0,0,0,0,0,"",""
354,0,0,0,0,"",0,"",0,0,0,0,0,"",""
355,0,0,0,0,"",0,"",0,0,0,0,0,"",""
356,0,0,0,0,"",0,"",0,0,0,0,0,"",""
357,0,0,0,0,"",0,"",0,0,0,0,0,"",""
358,0,0,0,0,"",0,"",0,0,0,0,0,"",""
359,0,0,0,0,"",0,"",0,0,0,0,0,"",""
360,0,0,0,0,"",0,"",0,0,0,0,0,"",""
361,0,0,0,0,"",0,"",0,0,0,0,0,"",""
362,0,0,0,0,"",0,"",0,0,0,0,0,"",""
363,0,0,0,0,"",0,"",0,0,0,0,0,"",""
364,0,0,0,0,"",0,"",0,0,0,0,0,"",""
365,0,0,0,0,"",0,"",0,0,0,0,0,"",""
366,0,0,0,0,"",0,"",0,0,0,0,0,"",""
367,0,0,0,0,"",0,"",0,0,0,0,0,"",""
368,0,0,0,0,"",0,"",0,0,0,0,0,"",""
369,0,0,0,0,"",0,"",0,0,0,0,0,"",""
370,0,0,0,0,"",0,"",0,0,0,0,0,"",""
371,0,0,0,0,"",0,"",0,0,0,0,0,"",""
372,0,0,0,0,"",0,"",0,0,0,0,0,"",""
373,0,0,0,0,"",0,"",0,0,0,0,0,"",""
374,0,0,0,0,"",0,"",0,0,0,0,0,"",""
375,0,0,0,0,"",0,"",0,0,0,0,0,"",""
376,0,0,0,0,"",0,"",0,0,0,0,0,"",""
377,0,0,0,0,"",0,"",0,0,0,0,0,"",""
378,0,0,0,0,"",0,"",0,0,0,0,0,"",""
379,0,0,0,0,"",0,"",0,0,0,0,0,"",""
380,0,0,0,0,"",0,"",0,0,0,0,0,"",""
381,0,0,0,0,"",0,"",0,0,0,0,0,"",""
382,0,0,0,0,"",0,"",0,0,0,0,0,"",""
383,0,0,0,0,"",0,"",0,0,0,0,0,"",""
384,0,0,0,0,"",0,"",0,0,0,0,0,"",""
385,0,0,0,0,"",0,"",0,0,0,0,0,"",""
386,0,0,0,0,"",0,"",0,0,0,0,0,"",""
387,0,0,0,0,"",0,"",0,0,0,0,0,"",""
388,0,0,0,0,"",0,"",0,0,0,0,0,"",""
389,0,0,0,0,"",0,"",0,0,0,0,0,"",""
390,0,0,0,0,"",0,"",0,0,0,0,0,"",""
391,0,0,0,0,"",0,"",0,0,0,0,0,"",""
392,0,0,0,0,"",0,"",0,0,0,0,0,"",""
393,0,0,0,0,"",0,"",0,0,0,0,0,"",""
394,0,0,0,0,"",0,"",0,0,0,0,0,"",""
395,0,0,0,0,"",0,"",0,0,0,0,0,"",""
396,0,0,0,0,"",0,"",0,0,0,0,0,"",""
397,0,0,0,0,"",0,"",0,0,0,0,0,"",""
398,0,0,0,0,"",0,"",0,0,0,0,0,"",""
399,0,0,0,0,"",0,"",0,0,0,0,0,"",""
400,0,0,0,0,"",0,"",0,0,0,0,0,"",""
401,0,0,0,0,"",0,"",0,0,0,0,0,"",""
402,0,0,0,0,"",0,"",0,0,0,0,0,"",""
403,0,0,0,0,"",0,"",0,0,0,0,0,"",""
404,0,0,0,0,"",0,"",0,0,0,0,0,"",""
405,0,0,0,0,"",0,"",0,0,0,0,0,"",""
406,0,0,0,0,"",0,"",0,0,0,0,0,"",""
407,0,0,0,0,"",0,"",0,0,0,0,0,"",""
408,0,0,0,0,"",0,"",0,0,0,0,0,"",""
409,0,0,0,0,"",0,"",0,0,0,0,0,"",""
410,0,0,0,0,"",0,"",0,0,0,0,0,"",""
411,0,0,0,0,"",0,"",0,0,0,0,0,"",""
412,0,0,0,0,"",0,"",0,0,0,0,0,"",""
413,0,0,0,0,"",0,"",0,0,0,0,0,"",""
414,0,0,0,0,"",0,"",0,0,0,0,0,"",""
415,0,0,0,0,"",0,"",0,0,0,0,0,"",""
416,0,0,0,0,"",0,"",0,0,0,0,0,"",""
417,0,0,0,0,"",0,"",0,0,0,0,0,"",""
418,0,0,0,0,"",0,"",0,0,0,0,0,"",""
419,0,0,0,0,"",0,"",0,0,0,0,0,"",""
420,0,0,0,0,"",0,"",0,0,0,0,0,"",""
421,0,0,0,0,"",0,"",0,0,0,0,0,"",""
422,0,0,0,0,"",0,"",0,0,0,0,0,"",""
423,0,0,0,0,"",0,"",0,0,0,0,0,"",""
424,0,0,0,0,"",0,"",0,0,0,0,0,"",""
425,0,0,0,0,"",0,"",0,0,0,0,0,"",""
426,0,0,0,0,"",0,"",0,0,0,0,0,"",""
427,0,0,0,0,"",0,"",0,0,0,0,0,"",""
428,0,0,0,0,"",0,"",0,0,0,0,0,"",""
429,0,0,0,0,"",0,"",0,0,0,0,0,"",""
430,0,0,0,0,"",0,"",0,0,0,0,0,"",""
431,0,0,0,0,"",0,"",0,0,0,0,0,"",""
432,0,0,0,0,"",0,"",0,0,0,0,0,"",""
433,0,0,0,0,"",0,"",0,0,0,0,0,"",""
434,0,0,0,0,"",0,"",0,0,0,0,0,"",""
435,0,0,0,0,"",0,"",0,0,0,0,0,"",""
436,0,0,0,0,"",0,"",0,0,0,0,0,"",""
437,0,0,0,0,"",0,"",0,0,0,0,0,"",""
438,0,0,0,0,"",0,"",0,0,0,0,0,"",""
439,0,0,0,0,"",0,"",0,0,0,0,0,"",""
440,0,0,0,0,"",0,"",0,0,0,0,0,"",""
441,0,0,0,0,"",0,"",0,0,0,0,0,"",""
442,0,0,0,0,"",0,"",0,0,0,0,0,"",""
443,0,0,0,0,"",0,"",0,0,0,0,0,"",""
444,0,0,0,0,"",0,"",0,0,0,0,0,"",""
445,0,0,0,0,"",0,"",0,0,0,0,0,"",""
446,0,0,0,0,"",0,"",0,0,0,0,0,"",""
447,0,0,0,0,"",0,"",0,0,0,0,0,"",""
448,0,0,0,0,"",0,"",0,0,0,0,0,"",""
449,0,0,0,0,"",0,"",0,0,0,0,0,"",""
450,0,0,0,0,"",0,"",0,0,0,0,0,"",""
451,0,0,0,0,"",0,"",0,0,0,0,0,"",""
452,0,0,0,0,"",0,"",0,0,0,0,0,"",""
453,0,0,0,0,"",0,"",0,0,0,0,0,"",""
454,0,0,0,0,"",0,"",0,0,0,0,0,"",""
455,0,0,0,0,"",0,"",0,0,0,0,0,"",""
456,0,0,0,0,"",0,"",0,0,0,0,0,"",""
457,0,0,0,0,"",0,"",0,0,0,0,0,"",""
458,0,0,0,0,"",0,"",0,0,0,0,0,"",""
459,0,0,0,0,"",0,"",0,0,0,0,0,"",""
460,0,0,0,0,"",0,"",0,0,0,0,0,"",""
461,0,0,0,0,"",0,"",0,0,0,0,0,"",""
462,0,0,0,0,"",0,"",0,0,0,0,0,"",""
463,0,0,0,0,"",0,"",0,0,0,0,0,"",""
464,0,0,0,0,"",0,"",0,0,0,0,0,"",""
465,0,0,0,0,"",0,"",0,0,0,0,0,"",""
466,0,0,0,0,"",0,"",0,0,0,0,0,"",""
467,0,0,0,0,"",0,"",0,0,0,0,0,"",""
468,0,0,0,0,"",0,"",0,0,0,0,0,"",""
469,0,0,0,0,"",0,"",0,0,0,0,0,"",""
470,0,0,0,0,"",0,"",0,0,0,0,0,"",""
471,0,0,0,0,"",0,"",0,0,0,0,0,"",""
472,0,0,0,0,"",0,"",0,0,0,0,0,"",""
473,0,0,0,0,"",0,"",0,0,0,0,0,"",""
474,0,0,0,0,"",0,"",0,0,0,0,0,"",""
475,0,0,0,0,"",0,"",0,0,0,0,0,"",""
476,0,0,0,0,"",0,"",0,0,0,0,0,"",""
477,0,0,0,0,"",0,"",0,0,0,0,0,"",""
478,0,0,0,0,"",0,"",0,0,0,0,0,"",""
479,0,0,0,0,"",0,"",0,0,0,0,0,"",""
480,0,0,0,0,"",0,"",0,0,0,0,0,"",""
