key,0,1,2,3,4,5,6,7,8,9,10
#,StampIcon,,Category,,,,,,,,Name
int32,Image,int32,GroupPoseStampCategory,uint16,byte,uint32,int32,bit&01,bit&02,bit&04,str
0,0,0,0,0,10,0,0,False,False,False,"無"
1,120021,2,10,200,10,0,0,False,False,False,"開始！"
2,120022,2,10,201,10,0,0,False,False,False,"完成！"
3,0,0,0,0,0,0,0,False,False,False,""
4,120024,2,10,203,10,0,0,False,False,False,"重新挑戰！"
5,120001,2,11,100,10,0,0,False,False,False,"接受任務！"
6,120002,2,11,101,10,0,0,False,False,False,"任務完成！"
7,120081,2,12,303,10,0,0,False,False,False,"F.A.T.E.開始！"
8,120082,2,12,304,10,0,0,False,False,False,"F.A.T.E.完成！"
9,0,0,0,0,0,0,0,False,False,False,""
10,120111,2,5,10,10,0,0,False,False,False,"升級！"
11,121561,2,13,400,10,0,0,False,False,False,"G.A.T.E. 開始！"
12,121562,2,13,401,10,0,0,False,False,False,"G.A.T.E. 完成！"
13,0,0,0,0,0,0,0,False,False,False,""
14,121551,2,13,403,10,0,0,False,False,False,"出發！"
15,121552,2,13,404,10,0,0,False,False,False,"抵達終點！"
16,121553,2,13,405,10,0,0,False,False,False,"挑戰成功！"
17,121501,2,13,406,10,0,0,False,False,False,"成功！"
18,121502,2,13,407,10,0,0,False,False,False,"失敗……"
19,121511,2,13,408,10,0,0,False,False,False,"全力一擊！"
20,121512,2,13,409,10,0,0,False,False,False,"打得漂亮！"
21,121513,2,13,410,10,0,0,False,False,False,"打得好！"
22,0,0,0,0,0,0,0,False,False,False,""
23,120114,2,5,23,10,0,0,False,False,False,"Light Party"
24,120115,2,5,24,10,0,0,False,False,False,"Full Party"
25,120119,2,5,11,10,0,0,False,False,False,"等級下降……"
26,230651,2,16,2,10,0,0,True,False,False,"FINAL FANTASY XIV ONLINE（白色）"
27,230652,2,16,1,10,0,0,True,False,False,"FINAL FANTASY XIV ONLINE（黑色）"
28,0,0,0,0,0,0,0,False,False,False,""
29,230715,1,6,15,1,70495,0,True,False,False,"國旗：亞歷山德里亞"
30,230111,1,4,1,10,0,0,True,False,False,"九宮幻卡：★"
31,230112,1,4,2,10,0,0,True,False,False,"九宮幻卡：★★"
32,230113,1,4,3,10,0,0,True,False,False,"九宮幻卡：★★★"
33,230114,1,4,4,10,0,0,True,False,False,"九宮幻卡：★★★★"
34,230115,1,4,5,10,0,0,True,False,False,"九宮幻卡：★★★★★"
35,230120,1,4,12,10,0,0,True,False,False,"九宮幻卡：1"
36,230121,1,4,13,10,0,0,True,False,False,"九宮幻卡：2"
37,230122,1,4,14,10,0,0,True,False,False,"九宮幻卡：3"
38,230123,1,4,15,10,0,0,True,False,False,"九宮幻卡：4"
39,230124,1,4,16,10,0,0,True,False,False,"九宮幻卡：5"
40,230125,1,4,17,10,0,0,True,False,False,"九宮幻卡：6"
41,230126,1,4,18,10,0,0,True,False,False,"九宮幻卡：7"
42,230127,1,4,19,10,0,0,True,False,False,"九宮幻卡：8"
43,230128,1,4,20,10,0,0,True,False,False,"九宮幻卡：9"
44,230129,1,4,21,10,0,0,True,False,False,"九宮幻卡：A"
45,230119,1,4,11,10,0,0,True,False,False,"九宮幻卡：0"
46,230711,1,6,11,10,0,0,True,False,False,"國旗：薩雷安"
47,230713,1,6,12,10,0,0,True,False,False,"國旗：拉札漢"
48,230712,1,6,13,10,0,0,True,False,False,"國旗：加雷馬"
49,230714,1,6,14,10,0,0,True,False,False,"國旗：圖萊尤拉"
50,230701,1,6,2,10,0,0,True,False,False,"國旗：格里達尼亞"
51,230702,1,6,1,10,0,0,True,False,False,"國旗：利姆薩·羅敏薩"
52,230703,1,6,3,10,0,0,True,False,False,"國旗：烏爾達哈"
53,230704,1,6,4,10,0,0,True,False,False,"國旗：伊修加爾德"
54,230705,1,6,5,10,0,0,True,False,False,"國旗：阿拉米格"
55,230706,1,6,6,10,0,0,True,False,False,"國旗：黃金港"
56,230707,1,6,7,10,0,0,True,False,False,"國旗：多瑪"
57,230708,1,6,8,10,0,0,True,False,False,"國旗：水晶都"
58,230709,1,6,9,10,0,0,True,False,False,"國旗：遊末邦"
59,230710,1,6,10,10,0,0,True,False,False,"國旗：博茲雅"
60,230626,1,3,1,10,0,0,True,True,True,"表情：平常"
61,230627,1,3,2,10,0,0,True,True,True,"表情：微笑"
62,230628,1,3,3,10,0,0,True,True,True,"表情：笑容"
63,230629,1,3,4,10,0,0,True,True,True,"表情：拋媚眼"
64,0,0,0,0,0,0,0,False,False,False,""
65,230631,1,3,5,10,0,0,True,True,True,"表情：自信"
66,230632,1,3,6,10,0,0,True,True,True,"表情：無畏"
67,230633,1,3,7,10,0,0,True,True,True,"表情：閉目"
68,230634,1,3,8,10,0,0,True,True,True,"表情：意外"
69,230635,1,3,9,10,0,0,True,True,True,"表情：吃驚"
70,230636,1,3,10,10,0,0,True,True,True,"表情：嘟嘴"
71,230637,1,3,11,10,0,0,True,True,True,"表情：認真"
72,230638,1,3,12,10,0,0,True,True,True,"表情：柔和"
73,230639,1,3,13,10,0,0,True,True,True,"表情：滿足"
74,230640,1,3,14,10,0,0,True,True,True,"表情：咧嘴"
75,230641,1,3,15,10,0,0,True,True,True,"表情：沉思"
76,0,0,0,0,0,0,0,False,False,False,""
77,0,0,0,0,0,0,0,False,False,False,""
78,0,0,0,0,0,0,0,False,False,False,""
79,0,0,0,0,0,0,0,False,False,False,""
80,0,0,0,0,0,0,0,False,False,False,""
81,0,0,0,0,0,0,0,False,False,False,""
82,0,0,0,0,0,0,0,False,False,False,""
83,0,0,0,0,0,0,0,False,False,False,""
84,0,0,0,0,0,0,0,False,False,False,""
85,0,0,0,0,0,0,0,False,False,False,""
86,0,0,0,0,0,0,0,False,False,False,""
87,0,0,0,0,0,0,0,False,False,False,""
88,0,0,0,0,0,0,0,False,False,False,""
89,0,0,0,0,0,0,0,False,False,False,""
90,230401,1,7,1,10,0,0,True,False,False,"符號：嘆號"
91,230402,1,7,2,10,0,0,True,False,False,"符號：問號"
92,230403,1,7,3,10,0,0,True,False,False,"符號：嘆問號"
93,230404,1,7,4,10,0,0,True,False,False,"符號：問嘆號"
94,230405,1,7,5,10,0,0,True,False,False,"符號：省略號"
95,0,0,0,0,0,0,0,False,False,False,""
96,0,0,0,0,0,0,0,False,False,False,""
97,0,0,0,0,0,0,0,False,False,False,""
98,0,0,0,0,0,0,0,False,False,False,""
99,0,0,0,0,0,0,0,False,False,False,""
100,230791,2,10,204,1,70501,0,True,False,False,"阿卡狄亞：下一位選手！（綠色）"
101,230792,2,10,205,1,70830,0,True,False,False,"阿卡狄亞：下一位選手！（藍色）"
102,0,0,0,0,0,0,0,False,False,False,""
103,0,0,0,0,0,0,0,False,False,False,""
104,0,0,0,0,0,0,0,False,False,False,""
105,0,0,0,0,0,0,0,False,False,False,""
106,0,0,0,0,0,0,0,False,False,False,""
107,0,0,0,0,0,0,0,False,False,False,""
108,0,0,0,0,0,0,0,False,False,False,""
109,0,0,0,0,0,0,0,False,False,False,""
110,230101,1,2,1,10,0,0,True,True,True,"氣泡：標準"
111,230102,1,2,2,10,0,0,True,True,True,"氣泡：思考"
112,230103,1,2,3,10,0,0,True,True,True,"氣泡：吃驚"
113,0,0,0,0,0,0,0,False,False,False,""
114,0,0,0,0,0,0,0,False,False,False,""
115,0,0,0,0,0,0,0,False,False,False,""
116,0,0,0,0,0,0,0,False,False,False,""
117,230131,0,28,1,10,0,0,True,False,False,"生日：0"
118,230132,0,28,2,10,0,0,True,False,False,"生日：1"
119,230133,0,28,3,10,0,0,True,False,False,"生日：2"
120,230134,0,28,4,10,0,0,True,False,False,"生日：3"
121,230135,0,28,5,10,0,0,True,False,False,"生日：4"
122,230136,0,28,6,10,0,0,True,False,False,"生日：5"
123,230137,0,28,7,10,0,0,True,False,False,"生日：6"
124,230138,0,28,8,10,0,0,True,False,False,"生日：7"
125,230139,0,28,9,10,0,0,True,False,False,"生日：8"
126,230140,0,28,10,10,0,0,True,False,False,"生日：9"
127,230141,0,28,11,10,0,0,True,True,True,"生日：莫古利"
128,230142,0,28,12,10,0,0,True,True,True,"生日：王冠"
129,230143,0,28,13,10,0,0,True,True,True,"生日：氣球"
130,230201,1,9,2,10,0,0,True,True,True,"裝飾：閃亮1"
131,230202,1,9,43,10,0,0,True,True,True,"裝飾：心形"
132,230203,1,9,21,10,0,0,True,True,True,"裝飾：光泡"
133,230204,1,9,61,10,0,0,True,True,True,"裝飾：足跡"
134,230301,1,9,1,10,0,0,True,True,True,"裝飾：閃亮1"
135,230302,1,9,110,10,0,0,True,True,True,"裝飾：墨鏡"
136,230303,1,9,42,10,0,0,True,True,True,"裝飾：心形"
137,230304,1,9,20,10,0,0,True,True,True,"裝飾：光泡"
138,230305,1,9,111,10,0,0,True,True,True,"裝飾：口紅"
139,230306,1,9,60,10,0,0,True,True,True,"裝飾：足跡"
140,230307,1,9,100,10,0,0,True,True,True,"裝飾：箭頭"
141,230210,1,9,31,10,0,0,True,True,True,"裝飾：三角形"
142,230211,1,9,33,10,0,0,True,True,True,"裝飾：四邊形"
143,230209,1,9,35,10,0,0,True,True,True,"裝飾：五角形"
144,230205,1,9,45,10,0,0,True,True,True,"裝飾：花朵"
145,230208,1,9,41,10,0,0,True,True,True,"裝飾：圓形虛化"
146,230206,1,9,51,10,0,0,True,True,True,"裝飾：音符1"
147,230207,1,9,52,10,0,0,True,True,True,"裝飾：音符2"
148,230309,1,9,50,10,0,0,True,True,True,"裝飾：音符"
149,230312,1,9,30,10,0,0,True,True,True,"裝飾：三角形"
150,230313,1,9,32,10,0,0,True,True,True,"裝飾：四邊形"
151,230311,1,9,34,10,0,0,True,True,True,"裝飾：五角形"
152,230308,1,9,44,10,0,0,True,True,True,"裝飾：花朵"
153,230310,1,9,40,10,0,0,True,True,True,"裝飾：圓形虛化"
154,230314,1,9,3,10,0,0,True,True,True,"裝飾：閃亮2"
155,230212,1,9,4,10,0,0,True,True,True,"裝飾：閃亮2"
156,230315,1,9,5,10,0,0,True,True,True,"裝飾：閃亮3"
157,230213,1,9,6,10,0,0,True,True,True,"裝飾：閃亮3"
158,230316,1,9,7,10,0,0,True,True,True,"裝飾：閃亮4"
159,230214,1,9,8,10,0,0,True,True,True,"裝飾：閃亮4"
160,230215,1,9,53,10,0,0,True,True,True,"裝飾：星星"
161,230317,1,9,90,10,0,0,True,True,True,"裝飾：彩色紙屑"
162,0,0,0,0,0,0,0,False,False,False,""
163,0,0,0,0,0,0,0,False,False,False,""
164,0,0,0,0,0,0,0,False,False,False,""
165,0,0,0,0,0,0,0,False,False,False,""
166,0,0,0,0,0,0,0,False,False,False,""
167,0,0,0,0,0,0,0,False,False,False,""
168,0,0,0,0,0,0,0,False,False,False,""
169,0,0,0,0,0,0,0,False,False,False,""
170,230501,1,8,1,10,0,0,True,True,True,"食品：貓魅風味山珍烤串"
171,230502,1,8,2,10,0,0,True,True,True,"食品：羚羊肉排"
172,230503,1,8,3,10,0,0,True,True,True,"食品：渡渡鳥蛋煎蛋捲"
173,230504,1,8,4,10,0,0,True,True,True,"食品：煎跳蜥蛋"
174,230505,1,8,5,10,0,0,True,True,True,"食品：鹽烤公主鱒"
175,230506,1,8,6,10,0,0,True,True,True,"食品：貓魅風味海產烤串"
176,230507,1,8,7,10,0,0,True,True,True,"食品：高山蘿蔔沙拉"
177,230508,1,8,8,10,0,0,True,True,True,"食品：貓魅風味森鮮烤串"
178,230509,1,8,9,10,0,0,True,True,True,"食品：煎餅"
179,230510,1,8,10,10,0,0,True,True,True,"食品：心形卷餅"
180,230511,1,8,11,10,0,0,True,True,True,"食品：騎士麵包"
181,230512,1,8,12,10,0,0,True,True,True,"食品：俾斯麥雞蛋三明治"
182,230513,1,8,13,10,0,0,True,True,True,"食品：蘋果塔"
183,230514,1,8,14,10,0,0,True,True,True,"食品：翡翠豆湯"
184,230515,1,8,15,10,0,0,True,True,True,"食品：生薑餅乾"
185,230516,1,8,16,10,0,0,True,True,True,"食品：愛心巧克力"
186,230517,1,8,17,10,0,0,True,True,True,"食品：南瓜餅乾"
187,230518,1,8,18,10,0,0,True,True,True,"食品：柳橙汁"
188,230519,1,8,19,10,0,0,True,True,True,"食品：香草茶"
189,230520,1,8,20,10,0,0,True,True,True,"食品：炸魚套餐"
190,230521,1,8,21,10,0,0,True,True,True,"食品：伊修加爾德瑪芬"
191,230522,1,8,22,10,0,0,True,True,True,"食品：長棍麵包"
192,0,0,0,0,0,0,0,False,False,False,""
193,0,0,0,0,0,0,0,False,False,False,""
194,0,0,0,0,0,0,0,False,False,False,""
195,0,0,0,0,0,0,0,False,False,False,""
196,0,0,0,0,0,0,0,False,False,False,""
197,0,0,0,0,0,0,0,False,False,False,""
198,0,0,0,0,0,0,0,False,False,False,""
199,0,0,0,0,0,0,0,False,False,False,""
200,0,0,0,0,0,0,0,False,False,False,""
201,0,0,0,0,0,0,0,False,False,False,""
202,0,0,0,0,0,0,0,False,False,False,""
203,0,0,0,0,0,0,0,False,False,False,""
204,0,0,0,0,0,0,0,False,False,False,""
205,0,0,0,0,0,0,0,False,False,False,""
206,0,0,0,0,0,0,0,False,False,False,""
207,0,0,0,0,0,0,0,False,False,False,""
208,0,0,0,0,0,0,0,False,False,False,""
209,0,0,0,0,0,0,0,False,False,False,""
210,0,0,0,0,0,0,0,False,False,False,""
211,0,0,0,0,0,0,0,False,False,False,""
212,0,0,0,0,0,0,0,False,False,False,""
213,0,0,0,0,0,0,0,False,False,False,""
214,0,0,0,0,0,0,0,False,False,False,""
215,0,0,0,0,0,0,0,False,False,False,""
216,0,0,0,0,0,0,0,False,False,False,""
217,234899,1,1,1306,6,499,0,True,True,True,"寵物：粉紅糖豆人"
218,234900,1,1,1307,6,500,0,True,True,True,"寵物：糖豆企鵝"
219,234898,1,1,1301,6,498,0,True,True,True,"寵物：小托加爾"
220,234633,1,1,1075,6,233,0,True,True,True,"寵物：迷你尼德霍格"
221,234401,1,1,1200,10,0,0,True,True,True,"寵物：自走人偶001號"
222,234402,1,1,1,10,0,0,True,True,True,"寵物：巧兒陸行鳥"
223,234403,1,1,100,10,0,0,True,True,True,"寵物：微炸彈"
224,234405,1,1,101,10,0,0,True,True,True,"寵物：凶惡巨獸寶寶"
225,234412,1,1,102,10,0,0,True,True,True,"寵物：毛爾波爾骨朵"
226,234424,1,1,111,10,0,0,True,True,True,"寵物：灰塵兔"
227,234429,1,1,112,10,0,0,True,True,True,"寵物：幼小仙人掌怪"
228,234430,1,1,113,10,0,0,True,True,True,"寵物：小殼蟹"
229,234436,1,1,125,10,0,0,True,True,True,"寵物：發芽小古卜"
230,234439,1,1,126,10,0,0,True,True,True,"寵物：惡魔磚塊"
231,234444,1,1,1215,10,0,0,True,True,True,"寵物：手指指標"
232,234446,1,1,700,10,0,0,True,True,True,"寵物：盧恩族玩偶"
233,234450,1,1,114,10,0,0,True,True,True,"寵物：小狼"
234,234452,1,1,106,10,0,0,True,True,True,"寵物：小夸爾"
235,234453,1,1,109,10,0,0,True,True,True,"寵物：提燈怪玩偶"
236,234471,1,1,1216,10,0,0,True,True,True,"寵物：魔法掃帚"
237,234472,1,1,3,10,0,0,True,True,True,"寵物：莫古利娃娃"
238,234487,1,1,401,10,0,0,True,True,True,"寵物：食果花鼠"
239,234507,1,1,402,10,0,0,True,True,True,"寵物：貓小胖"
240,234511,1,1,1302,10,0,0,True,True,True,"寵物：河童童"
241,234542,1,1,1210,10,0,0,True,True,True,"寵物：追蹤系統"
242,234558,1,1,138,10,0,0,True,True,True,"寵物：猴面雀兒"
243,234566,1,1,140,10,0,0,True,True,True,"寵物：葉小妖"
244,234641,1,1,501,10,0,0,True,True,True,"寵物：獺獺"
245,234653,1,1,701,10,0,0,True,True,True,"寵物：迷你鯰魚精"
246,234660,1,1,1042,10,0,0,True,True,True,"寵物：迷你庫洛"
247,234667,1,1,410,10,0,0,True,True,True,"寵物：豆豆柴"
248,234737,1,1,417,10,0,0,True,True,True,"寵物：隆卡的水蛇？"
249,234742,1,1,703,10,0,0,True,True,True,"寵物：大河狸"
250,234775,1,1,508,10,0,0,True,True,True,"寵物：鯊魚指揮官"
251,234404,1,1,1202,10,0,0,True,True,True,"寵物：凱特西娃娃"
252,234416,1,1,600,10,0,0,True,True,True,"寵物：青鳥"
253,234432,1,1,115,10,0,0,True,True,True,"寵物：渡渡幼鳥"
254,234435,1,1,124,10,0,0,True,True,True,"寵物：幼碧企鵝"
255,234441,1,1,127,10,0,0,True,True,True,"寵物：睡羊羊"
256,234442,1,1,116,10,0,0,True,True,True,"寵物：小小曼德拉草"
257,234462,1,1,130,10,0,0,True,True,True,"寵物：不說話的蜂鳥"
258,234475,1,1,132,10,0,0,True,True,True,"寵物：魅魔娃娃"
259,234476,1,1,1070,10,0,0,True,True,True,"寵物：小小吉爾迦美什"
260,234477,1,1,117,10,0,0,True,True,True,"寵物：洋蔥王子"
261,234478,1,1,118,10,0,0,True,True,True,"寵物：茄子騎士"
262,234479,1,1,119,10,0,0,True,True,True,"寵物：蒜頭明星"
263,234480,1,1,120,10,0,0,True,True,True,"寵物：番茄國王"
264,234481,1,1,121,10,0,0,True,True,True,"寵物：曼德拉王后"
265,234504,1,1,1072,10,0,0,True,True,True,"寵物：迷你奧爾特羅斯"
266,234521,1,1,1071,10,0,0,True,True,True,"寵物：恩奇都"
267,234529,1,1,135,10,0,0,True,True,True,"寵物：小小亞特蒙斯"
268,234532,1,1,136,10,0,0,True,True,True,"寵物：風箏小貓"
269,234534,1,1,404,10,0,0,True,True,True,"寵物：小熊貓"
270,234564,1,1,604,10,0,0,True,True,True,"寵物：企鵝王子"
271,234600,1,1,1303,10,0,0,True,True,True,"寵物：豬變"
272,234616,1,1,154,10,0,0,True,True,True,"寵物：疣豬小子"
273,234647,1,1,605,10,0,0,True,True,True,"寵物：旅雀兒"
274,234655,1,1,1205,10,0,0,True,True,True,"寵物：迷你奇美拉"
275,234719,1,1,155,10,0,0,True,True,True,"寵物：小雪童子"
276,234642,1,1,407,10,0,0,True,True,True,"寵物：小妖狐"
277,234749,1,1,606,10,0,0,True,True,True,"寵物：鯨頭鸛"
278,234753,1,1,156,10,0,0,True,True,True,"寵物：豬小仙"
279,234787,1,1,421,10,0,0,True,True,True,"寵物：沙狐"
280,234796,1,1,510,10,0,0,True,True,True,"寵物：莫莫拉·莫拉！！！"
281,234506,1,1,2,10,0,0,True,True,True,"寵物：胖兒陸行鳥"
282,234451,1,1,128,10,0,0,True,True,True,"寵物：小史萊姆"
283,234470,1,1,131,10,0,0,True,True,True,"寵物：奧猴寶寶"
284,234508,1,1,133,10,0,0,True,True,True,"寵物：小腳雪人"
285,234563,1,1,139,10,0,0,True,True,True,"寵物：淺瞳"
286,234579,1,1,150,10,0,0,True,True,True,"寵物：藍閃蝶"
287,234580,1,1,151,10,0,0,True,True,True,"寵物：波羅·羅格"
288,234805,1,1,158,10,0,0,True,True,True,"寵物：小水滴"
289,234646,1,1,409,10,0,0,True,True,True,"寵物：分福"
290,234730,1,1,415,10,0,0,True,True,True,"寵物：小刺蝟"
291,234862,1,1,429,10,0,0,True,True,True,"寵物：飛鼠"
292,234658,1,1,502,10,0,0,True,True,True,"寵物：吉多"
293,234672,1,1,503,10,0,0,True,True,True,"寵物：椒鹽海豹"
294,234673,1,1,504,10,0,0,True,True,True,"寵物：六角小螈螈"
295,234740,1,1,506,10,0,0,True,True,True,"寵物：小鴨嘴獸"
296,234531,1,1,602,10,0,0,True,True,True,"寵物：醜小鴨"
297,234684,1,1,913,10,0,0,True,True,True,"寵物：白小虎"
298,234703,1,1,914,10,0,0,True,True,True,"寵物：朱孔雀"
299,234727,1,1,916,10,0,0,True,True,True,"寵物：青帝"
300,234500,1,1,1000,6,91,0,True,True,True,"寵物：迷你雅·修朵拉"
301,234488,1,1,1003,6,98,0,True,True,True,"寵物：迷你敏菲利亞"
302,234489,1,1,1004,6,99,0,True,True,True,"寵物：迷你桑克瑞德"
303,234501,1,1,1006,6,107,0,True,True,True,"寵物：迷你伊達"
304,234502,1,1,1008,6,108,0,True,True,True,"寵物：迷你帕帕力莫"
305,234503,1,1,1009,6,109,0,True,True,True,"寵物：迷你尤里安傑"
306,234519,1,1,1013,6,130,0,True,True,True,"寵物：迷你阿爾菲諾"
307,234520,1,1,1014,6,131,0,True,True,True,"寵物：迷你阿莉塞"
308,234526,1,1,1016,6,132,0,True,True,True,"寵物：迷你塔塔露"
309,234527,1,1,1018,6,133,0,True,True,True,"寵物：迷你希德"
310,234856,1,1,1207,10,0,0,True,True,True,"寵物：貓耳小小員"
311,234863,1,1,200,10,0,0,True,True,True,"寵物：擦擦羽衣精"
312,234848,1,1,430,10,0,0,True,True,True,"寵物：吉娃汪"
313,234784,1,1,137,10,0,0,True,True,True,"寵物：肥肥風箏貓"
314,234485,1,1,400,10,0,0,True,True,True,"寵物：娜娜珂小熊"
315,234733,1,1,411,10,0,0,True,True,True,"寵物：黑豆柴"
316,234671,1,1,412,10,0,0,True,True,True,"寵物：小無尾熊"
317,234716,1,1,414,10,0,0,True,True,True,"寵物：水豚幼獸"
318,234822,1,1,423,10,0,0,True,True,True,"寵物：小旗"
319,234867,1,1,431,10,0,0,True,True,True,"寵物：柯基犬"
320,234771,1,1,607,10,0,0,True,True,True,"寵物：銀山雀兒"
321,234838,1,1,161,10,0,0,True,True,True,"寵物：小草賢人"
322,234844,1,1,800,6,444,0,True,True,True,"寵物：悌陽象族人偶"
323,234839,1,1,704,6,439,0,True,True,True,"寵物：格雷布洛弗玩偶"
324,234872,1,1,705,6,472,0,True,True,True,"寵物：探明威"
325,234825,1,1,1211,6,425,0,True,True,True,"寵物：集成奧密克戎"
326,234744,1,1,301,6,344,0,True,True,True,"寵物：迷你歐米茄M"
327,234745,1,1,302,6,345,0,True,True,True,"寵物：迷你歐米茄F"
328,234705,1,1,300,6,305,0,True,True,True,"寵物：迷你歐米茄"
329,234704,1,1,1077,6,304,0,True,True,True,"寵物：迷你阿爾法"
330,234605,1,1,1019,6,192,0,True,True,True,"寵物：迷你可露兒"
331,234624,1,1,1021,6,224,0,True,True,True,"寵物：迷你穆恩布瑞達"
332,234515,1,1,1022,6,21,0,True,True,True,"寵物：非正宗調查員"
333,234499,1,1,1028,6,84,0,True,True,True,"寵物：迷你娜娜莫"
334,234568,1,1,1032,6,173,0,True,True,True,"寵物：迷你奧爾什方"
335,234606,1,1,1034,6,193,0,True,True,True,"寵物：迷你艾默里克"
336,234628,1,1,1036,6,228,0,True,True,True,"寵物：迷你艾斯蒂尼安"
337,234575,1,1,1033,6,174,0,True,True,True,"寵物：迷你尼祿"
338,234555,1,1,1026,6,71,0,True,True,True,"寵物：袖珍勞班"
339,234553,1,1,1025,6,71,0,True,True,True,"寵物：袖珍嘉恩·艾"
340,234554,1,1,1024,6,71,0,True,True,True,"寵物：袖珍梅爾維布"
341,234873,1,1,122,10,0,0,True,True,True,"寵物：私用棒槌樹"
342,234886,1,1,433,10,0,0,True,True,True,"寵物：忍犬白丸"
343,234890,1,1,434,10,0,0,True,True,True,"寵物：忍犬黑丸"
344,234678,1,1,1217,10,0,0,True,True,True,"寵物：迷你摩艾石像"
345,234851,1,1,304,6,451,0,True,True,True,"寵物：迷你阿澤瑪"
346,234874,1,1,305,6,474,0,True,True,True,"寵物：迷你哈羅妮"
347,234894,1,1,306,6,494,0,True,True,True,"寵物：迷你奧修昂"
348,234419,1,1,108,10,0,0,True,True,True,"寵物：砂礫小魔像"
349,234509,1,1,134,10,0,0,True,True,True,"寵物：小木乃伊"
350,234582,1,1,152,10,0,0,True,True,True,"寵物：芬里爾幼獸"
351,234761,1,1,157,10,0,0,True,True,True,"寵物：小涼南茜"
352,234609,1,1,406,10,0,0,True,True,True,"寵物：小矮兔"
353,234756,1,1,420,10,0,0,True,True,True,"寵物：狐獴"
354,234510,1,1,500,10,0,0,True,True,True,"寵物：暗鬥魚苗"
355,234530,1,1,601,10,0,0,True,True,True,"寵物：貓頭小鷹"
356,234562,1,1,603,10,0,0,True,True,True,"寵物：獵鷹"
357,234853,1,1,609,10,0,0,True,True,True,"寵物：藍足鰹鳥"
358,234596,1,1,1001,6,177,0,True,True,True,"寵物：新型迷你雅·修朵拉"
359,234617,1,1,1005,6,217,0,True,True,True,"寵物：新型迷你桑克瑞德"
360,234512,1,1,1011,6,118,0,True,True,True,"寵物：迷你路易索瓦"
361,234618,1,1,1015,6,218,0,True,True,True,"寵物：新型迷你阿莉塞"
362,234876,1,1,1023,6,476,0,True,True,True,"寵物：迷你戈德伯特"
363,234538,1,1,1029,6,145,0,True,True,True,"寵物：迷你冰之巫女"
364,234543,1,1,1030,6,150,0,True,True,True,"寵物：迷你夕霧"
365,234619,1,1,1035,6,219,0,True,True,True,"寵物：迷你艾妲"
366,234698,1,1,1041,6,298,0,True,True,True,"寵物：迷你熙洛"
367,234706,1,1,1048,6,306,0,True,True,True,"寵物：迷你古·拉哈"
368,234518,1,1,1073,6,119,0,True,True,True,"寵物：幻龍米德加爾特"
369,234629,1,1,1074,6,229,0,True,True,True,"寵物：迷你赫拉斯瓦爾格"
370,230801,1,23,2,10,0,0,True,True,True,"紙膠帶：格里達尼亞風格"
371,230802,1,23,1,10,0,0,True,True,True,"紙膠帶：利姆薩·羅敏薩風格"
372,230803,1,23,3,10,0,0,True,True,True,"紙膠帶：烏爾達哈風格"
373,230804,1,23,4,10,0,0,True,True,True,"紙膠帶：伊修加爾德風格"
374,230805,1,23,5,10,0,0,True,True,True,"紙膠帶：阿拉米格風格"
375,230806,1,23,6,10,0,0,True,True,True,"紙膠帶：黃金港風格"
376,230807,1,23,7,10,0,0,True,True,True,"紙膠帶：多瑪風格"
377,230808,1,23,8,10,0,0,True,True,True,"紙膠帶：水晶都風格"
378,230809,1,23,9,10,0,0,True,True,True,"紙膠帶：遊末邦風格"
379,230810,1,23,10,10,0,0,True,True,True,"紙膠帶：博茲雅風格"
380,230811,1,23,13,1,70000,0,True,True,True,"紙膠帶：加雷馬風格"
381,230812,1,23,11,1,70000,0,True,True,True,"紙膠帶：薩雷安風格"
382,230813,1,23,12,1,70000,0,True,True,True,"紙膠帶：拉札漢風格"
383,230814,1,23,14,1,70495,0,True,True,True,"紙膠帶：圖萊尤拉風格"
384,230815,1,23,15,1,70495,0,True,True,True,"紙膠帶：亞歷山德里亞風格"
385,0,0,0,0,0,0,0,False,False,False,""
386,0,0,0,0,0,0,0,False,False,False,""
387,0,0,0,0,0,0,0,False,False,False,""
388,0,0,0,0,0,0,0,False,False,False,""
389,0,0,0,0,0,0,0,False,False,False,""
390,0,0,0,0,0,0,0,False,False,False,""
391,0,0,0,0,0,0,0,False,False,False,""
392,0,0,0,0,0,0,0,False,False,False,""
393,0,0,0,0,0,0,0,False,False,False,""
394,0,0,0,0,0,0,0,False,False,False,""
395,0,0,0,0,0,0,0,False,False,False,""
396,0,0,0,0,0,0,0,False,False,False,""
397,0,0,0,0,0,0,0,False,False,False,""
398,0,0,0,0,0,0,0,False,False,False,""
399,0,0,0,0,0,0,0,False,False,False,""
400,230523,1,18,1,10,0,0,True,True,True,"藥品：治療劑"
401,230524,1,18,2,10,0,0,True,True,True,"藥品：高級治療劑"
402,230525,1,18,3,10,0,0,True,True,True,"藥品：超級治療劑"
403,230526,1,18,4,10,0,0,True,True,True,"藥品：上級治療劑"
404,230527,1,18,5,10,0,0,True,True,True,"藥品：乙太藥"
405,230528,1,18,6,10,0,0,True,True,True,"藥品：高級乙太藥"
406,230529,1,18,7,10,0,0,True,True,True,"藥品：超級乙太藥"
407,230530,1,18,8,10,0,0,True,True,True,"藥品：上級乙太藥"
408,230531,1,18,9,10,0,0,True,True,True,"藥品：聖靈藥"
409,230532,1,18,10,10,0,0,True,True,True,"藥品：幻想藥"
410,0,0,0,0,0,0,0,False,False,False,""
411,0,0,0,0,0,0,0,False,False,False,""
412,0,0,0,0,0,0,0,False,False,False,""
413,0,0,0,0,0,0,0,False,False,False,""
414,0,0,0,0,0,0,0,False,False,False,""
415,0,0,0,0,0,0,0,False,False,False,""
416,0,0,0,0,0,0,0,False,False,False,""
417,0,0,0,0,0,0,0,False,False,False,""
418,0,0,0,0,0,0,0,False,False,False,""
419,0,0,0,0,0,0,0,False,False,False,""
420,0,0,0,0,0,0,0,False,False,False,""
421,0,0,0,0,0,0,0,False,False,False,""
422,0,0,0,0,0,0,0,False,False,False,""
423,0,0,0,0,0,0,0,False,False,False,""
424,0,0,0,0,0,0,0,False,False,False,""
425,0,0,0,0,0,0,0,False,False,False,""
426,0,0,0,0,0,0,0,False,False,False,""
427,0,0,0,0,0,0,0,False,False,False,""
428,0,0,0,0,0,0,0,False,False,False,""
429,0,0,0,0,0,0,0,False,False,False,""
430,230601,1,19,1,10,0,0,True,True,True,"主線任務：可以領取"
431,230602,1,19,2,10,0,0,True,True,True,"主線任務：可以進行"
432,230603,1,19,3,10,0,0,True,True,True,"主線任務：可以完成"
433,230604,1,19,4,10,0,0,True,True,True,"支線任務：可以領取"
434,230605,1,19,5,10,0,0,True,True,True,"支線任務：可以進行"
435,230606,1,19,6,10,0,0,True,True,True,"支線任務：可以完成"
436,230607,1,19,7,10,0,0,True,True,True,"開放功能任務：可以領取"
437,230608,1,19,8,10,0,0,True,True,True,"開放功能任務：可以進行"
438,230609,1,19,9,10,0,0,True,True,True,"開放功能任務：可以完成"
439,0,0,0,0,0,0,0,False,False,False,""
440,0,0,0,0,0,0,0,False,False,False,""
441,0,0,0,0,0,0,0,False,False,False,""
442,230416,1,17,100,10,0,0,True,True,True,"漫畫符號：花1"
443,230417,1,17,101,10,0,0,True,True,True,"漫畫符號：花2"
444,230418,1,17,102,10,0,0,True,True,True,"漫畫符號：創可貼"
445,230419,1,17,103,10,0,0,True,True,True,"漫畫符號：勾"
446,230420,1,17,104,10,0,0,True,True,True,"漫畫符號：叉"
447,230421,1,17,105,10,0,0,True,True,True,"漫畫符號：寒風"
448,230422,1,17,106,10,0,0,True,True,True,"漫畫符號：目眩"
449,230423,1,17,107,10,0,0,True,True,True,"漫畫符號：？"
450,230424,1,17,108,10,0,0,True,True,True,"漫畫符號：！"
451,230425,1,17,109,10,0,0,True,True,True,"漫畫符號：混亂"
452,230426,1,17,110,10,0,0,True,True,True,"漫畫符號：睡眠"
453,230427,1,17,111,10,0,0,True,True,True,"漫畫符號：爆炸"
454,230428,1,17,112,10,0,0,True,True,True,"漫畫符號：炸彈"
455,230429,1,17,113,10,0,0,True,True,True,"漫畫符號：憤怒"
456,230430,1,17,114,10,0,0,True,True,True,"漫畫符號：靈光"
457,230431,1,17,115,10,0,0,True,True,True,"漫畫符號：心"
458,230432,1,17,116,10,0,0,True,True,True,"漫畫符號：雷"
459,230433,1,17,117,10,0,0,True,True,True,"漫畫符號：閃爍"
460,230415,1,17,1,10,0,0,True,True,True,"漫畫符號：汗"
461,230406,1,17,2,10,0,0,True,True,True,"漫畫符號：著急"
462,230407,1,17,3,10,0,0,True,True,True,"漫畫符號：熱鬧"
463,230408,1,17,4,10,0,0,True,True,True,"漫畫符號：驚訝"
464,230409,1,17,5,10,0,0,True,True,True,"漫畫符號：煩惱"
465,230410,1,17,6,10,0,0,True,True,True,"漫畫符號：嘆氣"
466,230411,1,17,7,10,0,0,True,True,True,"漫畫符號：察覺"
467,230412,1,17,8,10,0,0,True,True,True,"漫畫符號：音符"
468,230413,1,17,9,10,0,0,True,True,True,"漫畫符號：星星"
469,230414,1,17,10,10,0,0,True,True,True,"漫畫符號：分隔號"
470,0,0,0,0,0,0,0,False,False,False,""
471,234045,1,20,45,10,0,0,True,True,True,"塗鴉：可幽可幽玩偶"
472,234046,1,20,46,10,0,0,True,True,True,"塗鴉：渡渡鳥雛"
473,234047,1,20,47,10,0,0,True,True,True,"塗鴉：草小人"
474,234048,1,20,48,10,0,0,True,True,True,"塗鴉：迷你奇美拉"
475,234049,1,20,49,10,0,0,True,True,True,"塗鴉：魔菇寶"
476,234050,1,20,50,10,0,0,True,True,True,"塗鴉：貓頭小鷹"
477,234051,1,20,51,10,0,0,True,True,True,"塗鴉：奧猴寶寶"
478,234052,1,20,52,10,0,0,True,True,True,"塗鴉：吸蜜怪"
479,234053,1,20,53,10,0,0,True,True,True,"塗鴉：洛洛洛特雪精"
480,234054,1,20,54,10,0,0,True,True,True,"塗鴉：輝鱗人玩偶"
481,234055,1,20,55,10,0,0,True,True,True,"塗鴉：恩莫族人偶"
482,234056,1,20,56,10,0,0,True,True,True,"塗鴉：玉米大人"
483,234033,1,20,33,10,0,0,True,True,True,"塗鴉：探明威"
484,234034,1,20,34,10,0,0,True,True,True,"塗鴉：六角小螈螈"
485,234035,1,20,35,10,0,0,True,True,True,"塗鴉：迷你阿爾法"
486,234036,1,20,36,10,0,0,True,True,True,"塗鴉：小異亞"
487,234037,1,20,37,10,0,0,True,True,True,"塗鴉：小水滴"
488,234038,1,20,38,10,0,0,True,True,True,"塗鴉：啦哩吼矮人"
489,234039,1,20,39,10,0,0,True,True,True,"塗鴉：貓耳小小員"
490,234040,1,20,40,10,0,0,True,True,True,"塗鴉：格雷布洛弗玩偶"
491,234041,1,20,41,10,0,0,True,True,True,"塗鴉：擦擦羽衣精"
492,234042,1,20,42,10,0,0,True,True,True,"塗鴉：莫莫拉·莫拉！！！"
493,234043,1,20,43,10,0,0,True,True,True,"塗鴉：小巨怪"
494,234044,1,20,44,10,0,0,True,True,True,"塗鴉：小小古代人"
495,234028,1,20,28,10,0,0,True,True,True,"塗鴉：盧恩族玩偶"
496,234029,1,20,29,10,0,0,True,True,True,"塗鴉：企鵝王子"
497,234030,1,20,30,10,0,0,True,True,True,"塗鴉：小鴨嘴獸"
498,234031,1,20,31,10,0,0,True,True,True,"塗鴉：淺瞳"
499,234032,1,20,32,10,0,0,True,True,True,"塗鴉：鯨頭鸛"
500,234001,1,20,1,10,0,0,True,True,True,"塗鴉：莫古利娃娃"
501,234002,1,20,2,10,0,0,True,True,True,"塗鴉：貓小胖"
502,234003,1,20,3,10,0,0,True,True,True,"塗鴉：大河狸"
503,234004,1,20,4,10,0,0,True,True,True,"塗鴉：猴面雀兒"
504,234005,1,20,5,10,0,0,True,True,True,"塗鴉：迷你鯰魚精"
505,234006,1,20,6,10,0,0,True,True,True,"塗鴉：胖兒陸行鳥"
506,234007,1,20,7,10,0,0,True,True,True,"塗鴉：灰塵兔"
507,234008,1,20,8,10,0,0,True,True,True,"塗鴉：幼小仙人掌怪"
508,234009,1,20,9,10,0,0,True,True,True,"塗鴉：發芽小古卜"
509,234010,1,20,10,10,0,0,True,True,True,"塗鴉：卡邦庫爾-橄欖石"
510,234011,1,20,11,10,0,0,True,True,True,"塗鴉：獺獺"
511,234012,1,20,12,10,0,0,True,True,True,"塗鴉：隆卡的水蛇？"
512,234013,1,20,13,10,0,0,True,True,True,"塗鴉：微炸彈"
513,234014,1,20,14,10,0,0,True,True,True,"塗鴉：毛爾波爾骨朵"
514,234015,1,20,15,10,0,0,True,True,True,"塗鴉：提燈怪玩偶"
515,234016,1,20,16,10,0,0,True,True,True,"塗鴉：小小曼德拉草"
516,234017,1,20,17,10,0,0,True,True,True,"塗鴉：風箏小貓"
517,234018,1,20,18,10,0,0,True,True,True,"塗鴉：葉小妖"
518,234019,1,20,19,10,0,0,True,True,True,"塗鴉：波羅·羅格"
519,234020,1,20,20,10,0,0,True,True,True,"塗鴉：小雪童子"
520,234021,1,20,21,10,0,0,True,True,True,"塗鴉：食果花鼠"
521,234022,1,20,22,10,0,0,True,True,True,"塗鴉：豆豆柴"
522,234023,1,20,23,10,0,0,True,True,True,"塗鴉：沙狐"
523,234024,1,20,24,10,0,0,True,True,True,"塗鴉：椒鹽海豹"
524,234025,1,20,25,10,0,0,True,True,True,"塗鴉：鯊魚指揮官"
525,234026,1,20,26,10,0,0,True,True,True,"塗鴉：水妖人偶"
526,234027,1,20,27,10,0,0,True,True,True,"塗鴉：豬變"
527,0,0,0,0,0,0,0,False,False,False,""
528,0,0,0,0,0,0,0,False,False,False,""
529,0,0,0,0,0,0,0,False,False,False,""
530,0,0,0,0,0,0,0,False,False,False,""
531,0,0,0,0,0,0,0,False,False,False,""
532,0,0,0,0,0,0,0,False,False,False,""
533,0,0,0,0,0,0,0,False,False,False,""
534,0,0,0,0,0,0,0,False,False,False,""
535,0,0,0,0,0,0,0,False,False,False,""
536,0,0,0,0,0,0,0,False,False,False,""
537,0,0,0,0,0,0,0,False,False,False,""
538,0,0,0,0,0,0,0,False,False,False,""
539,0,0,0,0,0,0,0,False,False,False,""
540,0,0,0,0,0,0,0,False,False,False,""
541,0,0,0,0,0,0,0,False,False,False,""
542,0,0,0,0,0,0,0,False,False,False,""
543,0,0,0,0,0,0,0,False,False,False,""
544,0,0,0,0,0,0,0,False,False,False,""
545,0,0,0,0,0,0,0,False,False,False,""
546,0,0,0,0,0,0,0,False,False,False,""
547,0,0,0,0,0,0,0,False,False,False,""
548,0,0,0,0,0,0,0,False,False,False,""
549,0,0,0,0,0,0,0,False,False,False,""
550,0,0,0,0,0,0,0,False,False,False,""
551,0,0,0,0,0,0,0,False,False,False,""
552,0,0,0,0,0,0,0,False,False,False,""
553,0,0,0,0,0,0,0,False,False,False,""
554,0,0,0,0,0,0,0,False,False,False,""
555,0,0,0,0,0,0,0,False,False,False,""
556,0,0,0,0,0,0,0,False,False,False,""
557,0,0,0,0,0,0,0,False,False,False,""
558,0,0,0,0,0,0,0,False,False,False,""
559,0,0,0,0,0,0,0,False,False,False,""
560,0,0,0,0,0,0,0,False,False,False,""
561,0,0,0,0,0,0,0,False,False,False,""
562,0,0,0,0,0,0,0,False,False,False,""
563,0,0,0,0,0,0,0,False,False,False,""
564,0,0,0,0,0,0,0,False,False,False,""
565,0,0,0,0,0,0,0,False,False,False,""
566,0,0,0,0,0,0,0,False,False,False,""
567,0,0,0,0,0,0,0,False,False,False,""
568,0,0,0,0,0,0,0,False,False,False,""
569,0,0,0,0,0,0,0,False,False,False,""
570,0,0,0,0,0,0,0,False,False,False,""
571,0,0,0,0,0,0,0,False,False,False,""
572,0,0,0,0,0,0,0,False,False,False,""
573,0,0,0,0,0,0,0,False,False,False,""
574,0,0,0,0,0,0,0,False,False,False,""
575,0,0,0,0,0,0,0,False,False,False,""
576,0,0,0,0,0,0,0,False,False,False,""
577,0,0,0,0,0,0,0,False,False,False,""
578,0,0,0,0,0,0,0,False,False,False,""
579,0,0,0,0,0,0,0,False,False,False,""
580,0,0,0,0,0,0,0,False,False,False,""
581,0,0,0,0,0,0,0,False,False,False,""
582,0,0,0,0,0,0,0,False,False,False,""
583,0,0,0,0,0,0,0,False,False,False,""
584,0,0,0,0,0,0,0,False,False,False,""
585,0,0,0,0,0,0,0,False,False,False,""
586,0,0,0,0,0,0,0,False,False,False,""
587,0,0,0,0,0,0,0,False,False,False,""
588,0,0,0,0,0,0,0,False,False,False,""
589,0,0,0,0,0,0,0,False,False,False,""
590,0,0,0,0,0,0,0,False,False,False,""
591,0,0,0,0,0,0,0,False,False,False,""
592,0,0,0,0,0,0,0,False,False,False,""
593,0,0,0,0,0,0,0,False,False,False,""
594,0,0,0,0,0,0,0,False,False,False,""
595,0,0,0,0,0,0,0,False,False,False,""
596,0,0,0,0,0,0,0,False,False,False,""
597,0,0,0,0,0,0,0,False,False,False,""
598,0,0,0,0,0,0,0,False,False,False,""
599,0,0,0,0,0,0,0,False,False,False,""
600,230901,1,24,1,10,0,0,True,False,False,"職業·特職：防護職業"
601,230902,1,24,2,10,0,0,True,False,False,"職業·特職：治療職業"
602,230903,1,24,3,10,0,0,True,False,False,"職業·特職：進攻職業"
603,230911,1,24,80,10,0,0,True,False,False,"職業·特職：木工師"
604,230912,1,24,81,10,0,0,True,False,False,"職業·特職：鍛造師"
605,230913,1,24,82,10,0,0,True,False,False,"職業·特職：甲冑師"
606,230914,1,24,83,10,0,0,True,False,False,"職業·特職：金工師"
607,230915,1,24,84,10,0,0,True,False,False,"職業·特職：皮革師"
608,230916,1,24,85,10,0,0,True,False,False,"職業·特職：裁縫師"
609,230917,1,24,86,10,0,0,True,False,False,"職業·特職：鍊金術師"
610,230918,1,24,87,10,0,0,True,False,False,"職業·特職：烹調師"
611,230919,1,24,90,10,0,0,True,False,False,"職業·特職：採掘師"
612,230920,1,24,91,10,0,0,True,False,False,"職業·特職：園藝師"
613,230921,1,24,92,10,0,0,True,False,False,"職業·特職：漁師"
614,230904,1,24,70,10,0,0,True,False,False,"職業·特職：劍術士"
615,230905,1,24,73,10,0,0,True,False,False,"職業·特職：格鬥士"
616,230906,1,24,71,10,0,0,True,False,False,"職業·特職：斧術士"
617,230907,1,24,74,10,0,0,True,False,False,"職業·特職：槍術士"
618,230908,1,24,76,10,0,0,True,False,False,"職業·特職：弓術士"
619,230909,1,24,72,10,0,0,True,False,False,"職業·特職：幻術士"
620,230910,1,24,77,10,0,0,True,False,False,"職業·特職：咒術士"
621,230929,1,24,78,10,0,0,True,False,False,"職業·特職：巴術士"
622,230932,1,24,75,10,0,0,True,False,False,"職業·特職：雙劍士"
623,230922,1,24,10,10,0,0,True,False,False,"職業·特職：騎士"
624,230923,1,24,30,10,0,0,True,False,False,"職業·特職：武僧"
625,230924,1,24,11,10,0,0,True,False,False,"職業·特職：戰士"
626,230925,1,24,31,10,0,0,True,False,False,"職業·特職：龍騎士"
627,230926,1,24,40,10,0,0,True,False,False,"職業·特職：吟遊詩人"
628,230927,1,24,20,10,0,0,True,False,False,"職業·特職：白魔道士"
629,230928,1,24,50,10,0,0,True,False,False,"職業·特職：黑魔道士"
630,230930,1,24,51,10,0,0,True,False,False,"職業·特職：召喚士"
631,230931,1,24,21,10,0,0,True,False,False,"職業·特職：學者"
632,230933,1,24,32,10,0,0,True,False,False,"職業·特職：忍者"
633,230934,1,24,41,10,0,0,True,False,False,"職業·特職：機工士"
634,230935,1,24,12,10,0,0,True,False,False,"職業·特職：暗黑騎士"
635,230936,1,24,22,10,0,0,True,False,False,"職業·特職：占星術師"
636,230937,1,24,33,10,0,0,True,False,False,"職業·特職：武士"
637,230938,1,24,52,10,0,0,True,False,False,"職業·特職：赤魔道士"
638,230939,1,24,60,10,0,0,True,False,False,"職業·特職：青魔道士"
639,230940,1,24,13,10,0,0,True,False,False,"職業·特職：絕槍戰士"
640,230941,1,24,42,10,0,0,True,False,False,"職業·特職：舞者"
641,230943,1,24,23,10,0,0,True,False,False,"職業·特職：賢者"
642,230942,1,24,34,10,0,0,True,False,False,"職業·特職：奪魂者"
643,230944,1,24,35,10,0,0,True,False,False,"職業·特職：毒蛇劍士"
644,230945,1,24,53,10,0,0,True,False,False,"職業·特職：繪靈法師"
645,0,0,0,0,0,0,0,False,False,False,""
646,0,0,0,0,0,0,0,False,False,False,""
647,0,0,0,0,0,0,0,False,False,False,""
648,0,0,0,0,0,0,0,False,False,False,""
649,0,0,0,0,0,0,0,False,False,False,""
650,0,0,0,0,0,0,0,False,False,False,""
651,0,0,0,0,0,0,0,False,False,False,""
652,0,0,0,0,0,0,0,False,False,False,""
653,0,0,0,0,0,0,0,False,False,False,""
654,0,0,0,0,0,0,0,False,False,False,""
655,0,0,0,0,0,0,0,False,False,False,""
656,0,0,0,0,0,0,0,False,False,False,""
657,0,0,0,0,0,0,0,False,False,False,""
658,0,0,0,0,0,0,0,False,False,False,""
659,0,0,0,0,0,0,0,False,False,False,""
660,230751,1,25,1,10,0,0,True,False,False,"多瑪方城牌：一萬"
661,230752,1,25,2,10,0,0,True,False,False,"多瑪方城牌：二萬"
662,230753,1,25,3,10,0,0,True,False,False,"多瑪方城牌：三萬"
663,230754,1,25,4,10,0,0,True,False,False,"多瑪方城牌：四萬"
664,230755,1,25,5,10,0,0,True,False,False,"多瑪方城牌：五萬"
665,230756,1,25,6,10,0,0,True,False,False,"多瑪方城牌：六萬"
666,230757,1,25,7,10,0,0,True,False,False,"多瑪方城牌：七萬"
667,230758,1,25,8,10,0,0,True,False,False,"多瑪方城牌：八萬"
668,230759,1,25,9,10,0,0,True,False,False,"多瑪方城牌：九萬"
669,230760,1,25,10,10,0,0,True,False,False,"多瑪方城牌：一筒"
670,230761,1,25,11,10,0,0,True,False,False,"多瑪方城牌：二筒"
671,230762,1,25,12,10,0,0,True,False,False,"多瑪方城牌：三筒"
672,230763,1,25,13,10,0,0,True,False,False,"多瑪方城牌：四筒"
673,230764,1,25,14,10,0,0,True,False,False,"多瑪方城牌：五筒"
674,230765,1,25,15,10,0,0,True,False,False,"多瑪方城牌：六筒"
675,230766,1,25,16,10,0,0,True,False,False,"多瑪方城牌：七筒"
676,230767,1,25,17,10,0,0,True,False,False,"多瑪方城牌：八筒"
677,230768,1,25,18,10,0,0,True,False,False,"多瑪方城牌：九筒"
678,230769,1,25,19,10,0,0,True,False,False,"多瑪方城牌：一索"
679,230770,1,25,20,10,0,0,True,False,False,"多瑪方城牌：二索"
680,230771,1,25,21,10,0,0,True,False,False,"多瑪方城牌：三索"
681,230772,1,25,22,10,0,0,True,False,False,"多瑪方城牌：四索"
682,230773,1,25,23,10,0,0,True,False,False,"多瑪方城牌：五索"
683,230774,1,25,24,10,0,0,True,False,False,"多瑪方城牌：六索"
684,230775,1,25,25,10,0,0,True,False,False,"多瑪方城牌：七索"
685,230776,1,25,26,10,0,0,True,False,False,"多瑪方城牌：八索"
686,230777,1,25,27,10,0,0,True,False,False,"多瑪方城牌：九索"
687,230778,1,25,28,10,0,0,True,False,False,"多瑪方城牌：東"
688,230779,1,25,29,10,0,0,True,False,False,"多瑪方城牌：南"
689,230780,1,25,30,10,0,0,True,False,False,"多瑪方城牌：西"
690,230781,1,25,31,10,0,0,True,False,False,"多瑪方城牌：北"
691,230782,1,25,32,10,0,0,True,False,False,"多瑪方城牌：白"
692,230783,1,25,33,10,0,0,True,False,False,"多瑪方城牌：發"
693,230784,1,25,34,10,0,0,True,False,False,"多瑪方城牌：中"
694,230785,1,25,35,10,0,0,True,False,False,"多瑪方城牌：五萬（赤寶牌）"
695,230786,1,25,36,10,0,0,True,False,False,"多瑪方城牌：五筒（赤寶牌）"
696,230787,1,25,37,10,0,0,True,False,False,"多瑪方城牌：五索（赤寶牌）"
697,0,0,0,0,0,0,0,False,False,False,""
698,0,0,0,0,0,0,0,False,False,False,""
699,0,0,0,0,0,0,0,False,False,False,""
700,234906,1,1,416,10,0,0,True,True,True,"寵物：雷普魯"
701,234891,1,1,611,10,0,0,True,True,True,"寵物：烏洛薩帕"
702,234433,1,1,123,10,0,0,True,True,True,"寵物：礦爬蟲蟲"
703,234895,1,1,1219,10,0,0,True,True,True,"寵物：希德尼亞丘靈"
704,234854,1,1,1300,6,454,0,True,True,True,"寵物：可幽可幽玩偶"
705,234878,1,1,610,10,0,0,True,True,True,"寵物：海鸚"
706,234883,1,1,432,10,0,0,True,True,True,"寵物：黑小猩"
707,234413,1,1,103,10,0,0,True,True,True,"寵物：小松鼠"
708,234414,1,1,104,10,0,0,True,True,True,"寵物：魔菇寶"
709,234415,1,1,105,10,0,0,True,True,True,"寵物：沙蚤蟲蟲"
710,234514,1,1,107,10,0,0,True,True,True,"寵物：小夸爾"
711,234421,1,1,110,10,0,0,True,True,True,"寵物：盜龍小寶"
712,234461,1,1,129,10,0,0,True,True,True,"寵物：精神吸取小妖"
713,234528,1,1,403,10,0,0,True,True,True,"寵物：獨角幼獸"
714,234539,1,1,405,10,0,0,True,True,True,"寵物：格斯塔拉"
715,234648,1,1,1007,6,248,0,True,True,True,"寵物：迷你莉瑟"
716,234664,1,1,1040,6,264,0,True,True,True,"寵物：迷你飛燕"
717,234649,1,1,1031,6,249,0,True,True,True,"寵物：新型迷你夕霧"
718,234650,1,1,1038,6,250,0,True,True,True,"寵物：迷你豪雪"
719,234651,1,1,1039,6,251,0,True,True,True,"寵物：迷你夜露"
720,234652,1,1,1046,6,252,0,True,True,True,"寵物：迷你格林瓦特"
721,234676,1,1,1027,6,276,0,True,True,True,"寵物：新型迷你勞班"
722,234682,1,1,1044,6,282,0,True,True,True,"寵物：迷你瑪格奈"
723,234697,1,1,1043,6,293,0,True,True,True,"寵物：迷你其日娜"
724,234696,1,1,1045,6,294,0,True,True,True,"寵物：迷你紗都"
725,234720,1,1,1017,6,320,0,True,True,True,"寵物：新型迷你塔塔露"
726,234743,1,1,915,6,343,0,True,True,True,"寵物：朱雀機關人偶"
727,234731,1,1,1002,6,331,0,True,True,True,"寵物：迷你第一世界雅·修朵拉"
728,234829,1,1,1010,6,429,0,True,True,True,"寵物：新型迷你尤里安傑"
729,234760,1,1,1037,6,360,0,True,True,True,"寵物：新型迷你艾斯蒂尼安"
730,234816,1,1,1055,6,416,0,True,True,True,"寵物：迷你萊楠"
731,234817,1,1,1056,6,417,0,True,True,True,"寵物：迷你魯納爾"
732,234776,1,1,1050,6,376,0,True,True,True,"寵物：迷你杜麗雅"
733,234732,1,1,1049,6,332,0,True,True,True,"寵物：迷你琳"
734,234798,1,1,1053,6,398,0,True,True,True,"寵物：迷你蓋亞"
735,234781,1,1,1051,6,381,0,True,True,True,"寵物：貓秘玩偶"
736,234782,1,1,1052,6,382,0,True,True,True,"寵物：迷你阿爾博特"
737,234855,1,1,1059,6,455,0,True,True,True,"寵物：發條索魯斯"
738,234810,1,1,511,10,0,0,True,True,True,"寵物：聰慧小海豚"
739,234827,1,1,1078,6,427,0,True,True,True,"寵物：遊星鳥"
740,234828,1,1,424,10,0,0,True,True,True,"寵物：納夏貓"
741,234830,1,1,1076,6,430,0,True,True,True,"寵物：迷你弗里多拉"
742,234832,1,1,426,10,0,0,True,True,True,"寵物：蟹蟹"
743,234833,1,1,159,10,0,0,True,True,True,"寵物：月面仙人掌怪王子"
744,234841,1,1,1058,6,441,0,True,True,True,"寵物：小小守護者"
745,234843,1,1,160,10,0,0,True,True,True,"寵物：王家仙人掌怪"
746,234865,1,1,1061,6,465,0,True,True,True,"寵物：迷你好友"
747,234866,1,1,1062,6,466,0,True,True,True,"寵物：迷你艾里克托尼奧斯"
748,234877,1,1,1060,6,477,0,True,True,True,"寵物：迷你艾多紐斯"
749,234887,1,1,1063,6,487,0,True,True,True,"寵物：迷你雅典娜"
750,234896,1,1,1208,6,496,0,True,True,True,"寵物：小小休假員"
751,234901,1,1,1068,6,501,0,True,True,True,"寵物：海德林偶像"
752,234902,1,1,1069,6,502,0,True,True,True,"寵物：佐狄亞克偶像"
753,234903,1,1,1012,6,503,0,True,True,True,"寵物：迷你富爾什諾"
754,234909,1,1,435,10,0,0,True,True,True,"寵物：小羊駝"
755,234912,1,1,436,10,0,0,True,True,True,"寵物：伊克提"
756,234913,1,1,613,10,0,0,True,True,True,"寵物：小綠鳥"
757,234914,1,1,437,10,0,0,True,True,True,"寵物：小巧郊狼"
758,234916,1,1,1220,6,516,0,True,True,True,"寵物：玉米大人"
759,234917,1,1,201,10,0,0,True,True,True,"寵物：酒杯仙人掌怪"
760,234918,1,1,438,10,0,0,True,True,True,"寵物：藍貓"
761,234922,1,1,1212,6,522,0,True,True,True,"寵物：鐵皮哨兵T1"
762,234925,1,1,1020,6,525,0,True,True,True,"寵物：新型迷你可露兒"
763,234926,1,1,1065,6,526,0,True,True,True,"寵物：迷你零"
764,234927,1,1,1067,6,527,0,True,True,True,"寵物：迷你艾倫維爾"
765,234608,1,1,153,10,0,0,True,True,True,"寵物：大腳小猿"
766,234924,1,1,303,6,524,0,True,True,True,"寵物：黑小貓"
767,234643,1,1,408,10,0,0,True,True,True,"寵物：虎斑次郎"
768,234769,1,1,418,6,369,0,True,True,True,"寵物：霍啪櫨的水蛇？"
769,234770,1,1,419,6,370,0,True,True,True,"寵物：奇塔利的水蛇？"
770,234809,1,1,422,10,0,0,True,True,True,"寵物：小小食蟻獸"
771,234831,1,1,425,10,0,0,True,True,True,"寵物：河馬幼獸"
772,234845,1,1,428,10,0,0,True,True,True,"寵物：袋鼠玩偶"
773,234932,1,1,439,10,0,0,True,True,True,"寵物：躍陽兔"
774,234683,1,1,505,10,0,0,True,True,True,"寵物：舞海月"
775,234759,1,1,507,10,0,0,True,True,True,"寵物：多瑪金魚兒"
776,234778,1,1,509,10,0,0,True,True,True,"寵物：拉拉鱷"
777,234907,1,1,512,10,0,0,True,True,True,"寵物：小小海牛"
778,234931,1,1,614,10,0,0,True,True,True,"寵物：小小巨嘴鳥"
779,234567,1,1,900,6,168,0,True,True,True,"寵物：伊弗利特之形"
780,234572,1,1,901,6,169,0,True,True,True,"寵物：迦樓羅之形"
781,234573,1,1,902,6,170,0,True,True,True,"寵物：泰坦之形"
782,234574,1,1,903,6,171,0,True,True,True,"寵物：利維坦之形"
783,234598,1,1,904,6,185,0,True,True,True,"寵物：拉姆之形"
784,234599,1,1,905,6,186,0,True,True,True,"寵物：濕婆之形"
785,234468,1,1,906,6,76,0,True,True,True,"寵物：奧汀戰偶"
786,234663,1,1,907,6,263,0,True,True,True,"寵物：俾斯麥之形"
787,234665,1,1,908,6,265,0,True,True,True,"寵物：羅波那之形"
788,234661,1,1,909,6,261,0,True,True,True,"寵物：須佐之男之形"
789,234662,1,1,910,6,262,0,True,True,True,"寵物：吉祥天女之形"
790,234938,1,1,1064,6,538,0,True,True,True,"寵物：迷你特彌斯"
791,234934,1,1,1209,6,534,0,True,True,True,"寵物：佩魯佩魯族玩偶"
792,234935,1,1,1213,6,535,0,True,True,True,"寵物：鐵皮士兵S3"
793,234786,1,1,1218,10,0,0,True,True,True,"寵物：亞拉戈西瓜"
794,234936,1,1,1221,6,536,0,True,True,True,"寵物：祭品大人"
795,0,0,0,0,0,0,0,False,False,False,""
796,0,0,0,0,0,0,0,False,False,False,""
797,0,0,0,0,0,0,0,False,False,False,""
798,0,0,0,0,0,0,0,False,False,False,""
799,0,0,0,0,0,0,0,False,False,False,""
800,0,0,0,0,0,0,0,False,False,False,""
801,0,0,0,0,0,0,0,False,False,False,""
802,0,0,0,0,0,0,0,False,False,False,""
803,0,0,0,0,0,0,0,False,False,False,""
804,0,0,0,0,0,0,0,False,False,False,""
805,0,0,0,0,0,0,0,False,False,False,""
806,0,0,0,0,0,0,0,False,False,False,""
807,0,0,0,0,0,0,0,False,False,False,""
808,0,0,0,0,0,0,0,False,False,False,""
809,0,0,0,0,0,0,0,False,False,False,""
810,0,0,0,0,0,0,0,False,False,False,""
811,0,0,0,0,0,0,0,False,False,False,""
812,0,0,0,0,0,0,0,False,False,False,""
813,0,0,0,0,0,0,0,False,False,False,""
814,0,0,0,0,0,0,0,False,False,False,""
815,0,0,0,0,0,0,0,False,False,False,""
816,0,0,0,0,0,0,0,False,False,False,""
817,0,0,0,0,0,0,0,False,False,False,""
818,0,0,0,0,0,0,0,False,False,False,""
819,0,0,0,0,0,0,0,False,False,False,""
820,0,0,0,0,0,0,0,False,False,False,""
821,0,0,0,0,0,0,0,False,False,False,""
822,0,0,0,0,0,0,0,False,False,False,""
823,0,0,0,0,0,0,0,False,False,False,""
824,0,0,0,0,0,0,0,False,False,False,""
825,0,0,0,0,0,0,0,False,False,False,""
826,0,0,0,0,0,0,0,False,False,False,""
827,0,0,0,0,0,0,0,False,False,False,""
828,0,0,0,0,0,0,0,False,False,False,""
829,0,0,0,0,0,0,0,False,False,False,""
830,0,0,0,0,0,0,0,False,False,False,""
831,0,0,0,0,0,0,0,False,False,False,""
832,0,0,0,0,0,0,0,False,False,False,""
833,0,0,0,0,0,0,0,False,False,False,""
834,0,0,0,0,0,0,0,False,False,False,""
835,0,0,0,0,0,0,0,False,False,False,""
836,0,0,0,0,0,0,0,False,False,False,""
837,0,0,0,0,0,0,0,False,False,False,""
838,0,0,0,0,0,0,0,False,False,False,""
839,0,0,0,0,0,0,0,False,False,False,""
840,0,0,0,0,0,0,0,False,False,False,""
841,0,0,0,0,0,0,0,False,False,False,""
842,0,0,0,0,0,0,0,False,False,False,""
843,0,0,0,0,0,0,0,False,False,False,""
844,0,0,0,0,0,0,0,False,False,False,""
845,0,0,0,0,0,0,0,False,False,False,""
846,0,0,0,0,0,0,0,False,False,False,""
847,0,0,0,0,0,0,0,False,False,False,""
848,0,0,0,0,0,0,0,False,False,False,""
849,0,0,0,0,0,0,0,False,False,False,""
850,0,0,0,0,0,0,0,False,False,False,""
