key,0,1,2,3,4,5,6,7,8,9,10,11,12,13,14,15,16
#,,,,,,,,,,,,,,,,,
int32,str,str,str,str,str,byte,byte,byte,uint32,byte,uint32,byte,uint32,byte,uint32,byte,uint32
0,"輔助自由人","輔助自由人","","源自某位冒險者的起點與終點的記憶。
能夠習得利於探索的輔助技能。","Phantom Freelancer",0,13,5,41650,10,41651,0,0,0,0,0,0
1,"輔助騎士","輔助騎士","","源自某位騎士的忠心與名譽的記憶。
能夠習得減輕夥伴受傷程度的輔助技能。","Phantom Knight",6,1,1,41588,2,41589,3,41590,6,41591,0,0
2,"輔助狂戰士","輔助狂戰士","","源自某位狂戰士的蠻勇與狂熱的記憶。
能夠習得高風險高收益的輔助技能。","Phantom Berserker",3,5,1,41592,2,41594,0,0,0,0,0,0
3,"輔助武僧","輔助武僧","","源自某位武僧的修行與冥想的記憶。
能夠習得精於攻擊的輔助技能。","Phantom Monk",6,2,1,41595,2,41596,3,41597,5,41598,0,0
4,"輔助獵人","輔助獵人","","源自某位獵人的自豪與慈愛的記憶。
能夠習得借助動物力量的輔助技能。","Phantom Ranger",6,6,1,41599,2,41600,4,41601,6,41602,0,0
5,"輔助武士","輔助武士","","源自某位武士的武士精神與修行的記憶。
能夠習得一擊必殺的輔助技能。","Phantom Samurai",5,4,1,41603,2,41604,3,41605,4,41606,0,0
6,"輔助吟遊詩人","輔助吟遊詩人","","源自某位吟遊詩人的詩想與狂誦的記憶。
能夠習得多彩的歌吟輔助技能。","Phantom Bard",4,10,1,41608,2,41609,3,41607,4,41610,0,0
7,"輔助風水士","輔助風水士","","源自某位風水士的自然與理氣的記憶。
能夠習得效果隨天氣改變的輔助技能。","Phantom Geomancer",5,9,1,41611,2,41612,3,41619,4,41620,0,0
8,"輔助時魔道士","輔助時魔道士","","源自某位時魔道士的法則與定理的記憶。
能夠習得操控時間的時魔法輔助技能。","Phantom Time Mage",5,7,1,41621,2,41623,3,41624,4,41622,5,41625
9,"輔助砲擊士","輔助砲擊士","","源自某位砲擊士的彈道學與戰術的記憶。
能夠習得效果多樣的砲擊輔助技能。","Phantom Cannoneer",6,12,1,41626,2,41627,3,41628,4,41629,6,41630
10,"輔助藥劑師","輔助藥劑師","","源自某位藥劑師的調和與藥效的記憶。
能夠習得使用高效藥品的輔助技能。","Phantom Chemist",4,8,1,41631,2,41633,3,41634,4,41635,0,0
11,"輔助預言士","輔助預言士","","源自某位預言士的靈感與啟示的記憶。
能夠習得延遲生效的輔助技能。","Phantom Oracle",5,11,1,41636,2,41641,3,41642,4,41643,5,41644
12,"輔助盜賊","輔助盜賊","","源自某位盜賊的俠義與特技的記憶。
能夠習得包含特殊的探索技術在內的輔助技能。","Phantom Thief",6,3,1,41646,2,41645,3,41647,4,41648,5,41649
