key,0,1,2,3,4,5
#,,,,,,
int32,str,byte,uint32,uint32,uint16,uint16
0,"完成1次探索任務",1,1,0,50,0
1,"完成3種探索任務",1,3,0,75,1
2,"獲得1次探索任務的金星獎勵",1,1,0,75,2
3,"完成1次緊急探索任務",1,1,0,50,3
4,"完成1次機甲行動",1,1,0,100,4
5,"挑戰1次宇宙好運道",1,1,0,50,5
6,"完成10次月球探索任務",2,10,1,300,6
7,"完成50次月球探索任務",2,50,1,450,7
8,"完成100次月球探索任務",2,100,1,900,8
9,"完成500次月球探索任務",2,500,1,1500,9
10,"完成10種月球探索任務",2,10,1,300,10
11,"完成50種月球探索任務",2,50,1,900,11
12,"完成100種月球探索任務",2,100,1,2400,12
13,"獲得10種月球探索任務的金星獎勵",2,10,1,300,13
14,"獲得50種月球探索任務的金星獎勵",2,50,1,900,14
15,"獲得100種月球探索任務的金星獎勵",2,100,1,2400,15
16,"完成1次月球的緊急探索任務",2,1,2,500,16
17,"完成10次月球的緊急探索任務",2,10,2,1000,17
18,"完成30次月球的緊急探索任務",2,30,2,3000,18
19,"以駕駛員身份參加並完成1次月球的機甲行動",2,1,1,1500,22
20,"以駕駛員身份參加並完成5次月球的機甲行動",2,5,1,3000,23
21,"以駕駛員身份參加並完成10次月球的機甲行動",2,10,1,4500,24
22,"以協助員身份參加並完成5次月球的機甲行動",2,5,1,300,25
23,"以協助員身份參加並完成20次月球的機甲行動",2,20,1,900,26
24,"以協助員身份參加並完成50次月球的機甲行動",2,50,1,2100,27
25,"完成木工師的3種月球D階探索任務",2,3,3,50,28
26,"完成木工師的4種月球C階探索任務",2,4,3,100,29
27,"獲得木工師的3種月球B階探索任務的金星獎勵",2,3,3,200,30
28,"完成鍛造師的3種月球D階探索任務",2,3,7,50,31
29,"完成鍛造師的4種月球C階探索任務",2,4,7,100,32
30,"獲得鍛造師的3種月球B階探索任務的金星獎勵",2,3,7,200,33
31,"完成甲冑師的3種月球D階探索任務",2,3,11,50,34
32,"完成甲冑師的4種月球C階探索任務",2,4,11,100,35
33,"獲得甲冑師的3種月球B階探索任務的金星獎勵",2,3,11,200,36
34,"完成金工師的3種月球D階探索任務",2,3,15,50,37
35,"完成金工師的4種月球C階探索任務",2,4,15,100,38
36,"獲得金工師的3種月球B階探索任務的金星獎勵",2,3,15,200,39
37,"完成皮革師的3種月球D階探索任務",2,3,19,50,40
38,"完成皮革師的4種月球C階探索任務",2,4,19,100,41
39,"獲得皮革師的3種月球B階探索任務的金星獎勵",2,3,19,200,42
40,"完成裁縫師的3種月球D階探索任務",2,3,23,50,43
41,"完成裁縫師的4種月球C階探索任務",2,4,23,100,44
42,"獲得裁縫師的3種月球B階探索任務的金星獎勵",2,3,23,200,45
43,"完成鍊金術師的3種月球D階探索任務",2,3,27,50,46
44,"完成鍊金術師的4種月球C階探索任務",2,4,27,100,47
45,"獲得鍊金術師的3種月球B階探索任務的金星獎勵",2,3,27,200,48
46,"完成烹調師的3種月球D階探索任務",2,3,31,50,49
47,"完成烹調師的4種月球C階探索任務",2,4,31,100,50
48,"獲得烹調師的3種月球B階探索任務的金星獎勵",2,3,31,200,51
49,"完成園藝師的3種月球D階探索任務",2,3,39,50,55
50,"完成園藝師的4種月球C階探索任務",2,4,39,100,56
51,"獲得園藝師的3種月球B階探索任務的金星獎勵",2,3,39,200,57
52,"完成採掘師的3種月球D階探索任務",2,3,35,50,52
53,"完成採掘師的4種月球C階探索任務",2,4,35,100,53
54,"獲得採掘師的3種月球B階探索任務的金星獎勵",2,3,35,200,54
55,"完成漁師的3種月球D階探索任務",2,3,43,50,58
56,"完成漁師的4種月球C階探索任務",2,4,43,100,59
57,"獲得漁師的3種月球B階探索任務的金星獎勵",2,3,43,200,60
58,"挑戰5次月球的宇宙好運道",2,5,1,300,61
59,"挑戰30次月球的宇宙好運道",2,30,1,600,62
60,"挑戰100次月球的宇宙好運道",2,100,1,900,63
61,"完成5種月球的緊急探索任務",2,5,2,1000,19
62,"完成15種月球的緊急探索任務",2,15,2,2000,20
63,"完成33種月球的緊急探索任務",2,33,2,3000,21
64,"",0,0,0,0,0
65,"",0,0,0,0,0
66,"",0,0,0,0,0
67,"",0,0,0,0,0
68,"",0,0,0,0,0
69,"",0,0,0,0,0
70,"",0,0,0,0,0
71,"",0,0,0,0,0
72,"",0,0,0,0,0
73,"",0,0,0,0,0
74,"",0,0,0,0,0
75,"",0,0,0,0,0
76,"",0,0,0,0,0
77,"",0,0,0,0,0
78,"",0,0,0,0,0
79,"",0,0,0,0,0
80,"",0,0,0,0,0
81,"",0,0,0,0,0
82,"",0,0,0,0,0
83,"",0,0,0,0,0
84,"",0,0,0,0,0
85,"",0,0,0,0,0
86,"",0,0,0,0,0
87,"",0,0,0,0,0
88,"",0,0,0,0,0
89,"",0,0,0,0,0
90,"",0,0,0,0,0
91,"",0,0,0,0,0
92,"",0,0,0,0,0
93,"",0,0,0,0,0
94,"",0,0,0,0,0
95,"",0,0,0,0,0
96,"",0,0,0,0,0
97,"",0,0,0,0,0
98,"",0,0,0,0,0
99,"",0,0,0,0,0
100,"",0,0,0,0,0
101,"",0,0,0,0,0
102,"",0,0,0,0,0
103,"",0,0,0,0,0
104,"",0,0,0,0,0
105,"",0,0,0,0,0
106,"",0,0,0,0,0
107,"",0,0,0,0,0
108,"",0,0,0,0,0
109,"",0,0,0,0,0
110,"",0,0,0,0,0
111,"",0,0,0,0,0
112,"",0,0,0,0,0
113,"",0,0,0,0,0
114,"",0,0,0,0,0
115,"",0,0,0,0,0
116,"",0,0,0,0,0
117,"",0,0,0,0,0
118,"",0,0,0,0,0
119,"",0,0,0,0,0
120,"",0,0,0,0,0
121,"",0,0,0,0,0
