key,0,1,2,3,4,5,6,7,8,9,10,11,12,13,14,15
#,,,,,,,,,,,,,,,,
int32,str,str,str,str,str,byte,uint16,byte,uint32,int32,uint32,uint32,byte,byte,byte,byte
0,"","","","","",0,158,0,0,0,0,0,0,0,0,0
1,"第一次基地擴建工程　物資準備中
 <UIForeground>F2023B</UIForeground><UIGlow>F2023C</UIGlow>請積極參加探索任務籌備物資吧！","第一次基地擴建工程　物資準備中","是時候一起籌備物資，擴建月門基地啦！
請積極參加探索任務幫忙籌備物資！","宇宙探索終於啟航！是時候一起籌備物資，擴建月門基地啦！","探索威",0,158,1,241001,0,0,0,0,0,2,3
2,"第一次基地擴建工程　聯合工程準備中
<UIForeground>F2023B</UIForeground><UIGlow>F2023C</UIGlow>請為聯合工程的開工做好準備！","第一次基地擴建工程　聯合工程準備中","擴建月門基地的聯合工程舉辦時間確定啦！
到時候請務必要來幫忙呀！","擴建月門基地的聯合工程舉辦時間確定啦！到時候一定要來幫忙呀！","探索威",0,158,2,241001,1451,0,0,0,0,2,3
3,"第一次基地擴建工程　聯合工程進行中
<UIForeground>F2023B</UIForeground><UIGlow>F2023C</UIGlow>請積極參與其中吧！","第一次基地擴建工程　聯合工程進行中","擴建月門基地的聯合工程正在進行中！
請一定要來幫忙呀！","擴建月門基地的聯合工程正在進行中！請一定要來幫忙呀！","探索威",0,158,3,241001,0,0,0,0,0,2,3
4,"月門基地：二級基地　竣工
<UIForeground>F2023B</UIForeground><UIGlow>F2023C</UIGlow>下一項工程尚在計畫階段，請先隨意放鬆一下吧！","月門基地：二級基地　竣工","月門基地擴建完畢啦！成果很棒！
探索活動正在有條不紊的推進著，感謝大家的幫助！","月門基地擴建完畢啦！成果很棒！感謝大家的幫助！","探索威",1,158,4,241002,1406,18,0,5,0,2,3
5,"第一次宇宙快線鋪設工程支援行動　物資收集中
 <UIForeground>F2023B</UIForeground><UIGlow>F2023C</UIGlow>請積極參加探索任務籌備物資吧！","第一次宇宙快線鋪設工程支援行動　物資收集中","我們需要在月門基地附近建設快速移動的宇宙快線！
請積極參加探索任務幫忙籌備物資！","我們需要在月門基地附近建設快速移動的宇宙快線！一起籌備物資吧！","探索威",1,158,5,241003,0,0,0,0,0,2,3
6,"第一次宇宙快線鋪設工程支援行動　聯合工程準備中
<UIForeground>F2023B</UIForeground><UIGlow>F2023C</UIGlow>請為聯合工程的開工做好準備！","第一次宇宙快線鋪設工程支援行動　聯合工程準備中","建設宇宙快線的聯合工程舉辦時間確定啦！
到時候請務必要來幫忙呀！","建設宇宙快線的聯合工程舉辦時間確定啦！到時候一定要來幫忙呀！","探索威",1,158,6,241003,1451,0,0,0,0,2,3
7,"第一次宇宙快線鋪設工程支援行動　聯合工程進行中
<UIForeground>F2023B</UIForeground><UIGlow>F2023C</UIGlow>請積極參與其中吧！","第一次宇宙快線鋪設工程支援行動　聯合工程進行中","建設宇宙快線的聯合工程正在進行中！
請一定要來幫忙呀！","建設宇宙快線的聯合工程正在進行中！請一定要來幫忙呀！","探索威",1,158,7,241003,0,0,0,0,0,2,3
8,"宇宙快線內環線　竣工
<UIForeground>F2023B</UIForeground><UIGlow>F2023C</UIGlow>下一項工程尚在計畫階段，請先隨意放鬆一下吧！","宇宙快線內環線　竣工","宇宙快線竣工啦！
這下就方便去更遠的地方探索了，感謝大家的幫助！","宇宙快線竣工啦！感謝大家的幫助！","探索威",2,158,8,241004,1405,18,1,5,0,2,3
9,"居住艙&宇宙港　建設物資準備中
 <UIForeground>F2023B</UIForeground><UIGlow>F2023C</UIGlow>請積極參加探索任務籌備物資吧！","居住艙&宇宙港　建設物資準備中","我們需要建設居住艙和發射宇宙飛船的宇宙港！
請積極參加探索任務幫忙籌備物資！","我們需要建設居住艙和發射宇宙飛船的宇宙港！一起籌備物資吧！","探索威",2,158,9,241005,0,0,0,0,0,2,3
10,"居住艙安裝工程支援行動　聯合工程準備中
<UIForeground>F2023B</UIForeground><UIGlow>F2023C</UIGlow>請為聯合工程的開工做好準備！","居住艙安裝工程支援行動　聯合工程準備中","建設居住艙的聯合工程舉辦時間確定啦！
到時候請務必要來幫忙呀！","建設居住艙的聯合工程舉辦時間確定啦！到時候一定要來幫忙呀！","探索威",2,158,10,241005,1451,0,0,0,0,2,3
11,"居住艙安裝工程支援行動　聯合工程進行中
<UIForeground>F2023B</UIForeground><UIGlow>F2023C</UIGlow>請積極參與其中吧！","居住艙安裝工程支援行動　聯合工程進行中","建設居住艙的聯合工程正在進行中！
請一定要來幫忙呀！","建設居住艙的聯合工程正在進行中！請一定要來幫忙呀！","探索威",2,158,11,241005,0,0,0,0,0,2,3
12,"第一次宇宙港建設工程支援行動　物資準備中
<UIForeground>F2023B</UIForeground><UIGlow>F2023C</UIGlow>請為聯合工程的開工做好準備！","第一次宇宙港建設工程支援行動　物資準備中","建設宇宙港的聯合工程舉辦時間確定啦！
到時候請務必要來幫忙呀！","建設宇宙港的聯合工程舉辦時間確定啦！到時候一定要來幫忙呀！","探索威",3,158,12,241006,1401,18,2,5,0,2,3
13,"第一次宇宙港建設工程支援行動　聯合工程進行中
<UIForeground>F2023B</UIForeground><UIGlow>F2023C</UIGlow>請積極參與其中吧！","第一次宇宙港建設工程支援行動　聯合工程進行中","建設宇宙港的聯合工程正在進行中！
請一定要來幫忙呀！","建設宇宙港的聯合工程正在進行中！請一定要來幫忙呀！","探索威",3,158,12,241006,0,0,0,0,0,2,3
14,"居住艙&宇宙港　竣工
<UIForeground>F2023B</UIForeground><UIGlow>F2023C</UIGlow>下一項工程尚在計畫階段，請先隨意放鬆一下吧！","居住艙&宇宙港　竣工","居住艙和宇宙港竣工啦！
越來越有基地的樣子了，感謝大家的幫助！","居住艙和宇宙港竣工啦！感謝大家的幫助！","探索威",4,158,13,241007,1401,18,3,5,0,2,3
15,"第一次機庫擴建工程　物資準備中
 <UIForeground>F2023B</UIForeground><UIGlow>F2023C</UIGlow>請積極參加探索任務籌備物資吧！","第一次機庫擴建工程　物資準備中","我們需要改建機庫，使其具備更高性能！
請積極參加探索任務幫忙籌備物資！","我們需要改建機庫，使其具備更高性能！一起籌備物資吧！","探索威",4,158,14,241008,0,0,0,0,0,2,3
16,"第一次機庫擴建工程　聯合工程準備中
<UIForeground>F2023B</UIForeground><UIGlow>F2023C</UIGlow>請為聯合工程的開工做好準備！","第一次機庫擴建工程　聯合工程準備中","改建機庫的聯合工程舉辦時間確定啦！
到時候請務必要來幫忙呀！","改建機庫的聯合工程舉辦時間確定啦！到時候一定要來幫忙呀！","探索威",4,158,15,241008,1451,0,0,0,0,2,3
17,"第一次機庫擴建工程　聯合工程進行中
<UIForeground>F2023B</UIForeground><UIGlow>F2023C</UIGlow>請積極參與其中吧！","第一次機庫擴建工程　聯合工程進行中","改建機庫的聯合工程正在進行中！
請一定要來幫忙呀！","改建機庫的聯合工程正在進行中！請一定要來幫忙呀！","探索威",4,158,16,241008,0,0,0,0,0,2,3
18,"二級機庫　竣工
<UIForeground>F2023B</UIForeground><UIGlow>F2023C</UIGlow>下一項工程尚在計畫階段，請先隨意放鬆一下吧！","二級機庫　竣工","機庫改建完畢啦！具備了更高性能！
相信今後機具一定能發揮更重要的作用，感謝大家的幫助！","機庫改建完畢啦！具備了更高性能！感謝大家的幫助！","探索威",5,158,17,241009,1402,18,4,5,0,2,3
19,"第二次宇宙快線鋪設工程　物資準備中
 <UIForeground>F2023B</UIForeground><UIGlow>F2023C</UIGlow>請積極參加探索任務籌備物資吧！","第二次宇宙快線鋪設工程　物資準備中","我們需要建設宇宙快線西北線！
請積極參加探索任務幫忙籌備物資！","我們需要建設宇宙快線西北線！一起籌備物資吧！","探索威",5,158,18,241010,0,0,0,0,0,2,3
20,"第二次宇宙快線鋪設工程　施工中
<UIForeground>F2023B</UIForeground><UIGlow>F2023C</UIGlow>請靜待宇宙快線鋪設完成！","第二次宇宙快線鋪設工程　施工中","宇宙快線西北線的竣工時間確定啦！
竣工之後整體環境將會變得更加便利，請再耐心等待一下！","宇宙快線西北線的竣工時間確定啦！","探索威",5,158,18,241010,1452,0,0,0,0,2,3
21,"宇宙快線西北線　竣工
<UIForeground>F2023B</UIForeground><UIGlow>F2023C</UIGlow>下一項工程尚在計畫階段，請先隨意放鬆一下吧！","宇宙快線西北線　竣工","宇宙快線西北線竣工啦！
相信今後對於西北方的探索會更進一步，感謝大家的幫助！","宇宙快線西北線竣工啦！感謝大家的幫助！","探索威",6,158,19,241011,1407,18,5,5,0,2,3
22,"第三次宇宙快線鋪設工程　物資準備中
 <UIForeground>F2023B</UIForeground><UIGlow>F2023C</UIGlow>請積極參加探索任務籌備物資吧！","第三次宇宙快線鋪設工程　物資準備中","我們需要建設宇宙快線東南線！
請積極參加探索任務幫忙籌備物資！","我們需要建設宇宙快線東南線！一起籌備物資吧！","探索威",6,158,20,241012,0,0,0,0,0,2,3
23,"第三次宇宙快線鋪設工程　施工中
<UIForeground>F2023B</UIForeground><UIGlow>F2023C</UIGlow>請靜待宇宙快線鋪設完成！","第三次宇宙快線鋪設工程　施工中","宇宙快線東南線的竣工時間確定啦！
竣工之後整體環境將會變得更加便利，請再耐心等待一下！","宇宙快線東南線的竣工時間確定啦！","探索威",6,158,20,241012,1452,0,0,0,0,2,3
24,"宇宙快線東南線　竣工
<UIForeground>F2023B</UIForeground><UIGlow>F2023C</UIGlow>下一項工程尚在計畫階段，請先隨意放鬆一下吧！","宇宙快線東南線　竣工","宇宙快線東南線竣工啦！
相信今後對於東南方的探索會更進一步，感謝大家的幫助！","宇宙快線東南線竣工啦！感謝大家的幫助！","探索威",7,158,21,241013,1409,18,6,5,0,2,3
25,"隧道貫通工程施工　物資準備中
 <UIForeground>F2023B</UIForeground><UIGlow>F2023C</UIGlow>請積極參加探索任務籌備物資吧！","隧道貫通工程施工　物資準備中","我們需要開通穿山隧道！
請積極參加探索任務幫忙籌備物資！","我們需要開通穿山隧道！一起籌備物資吧！","探索威",7,158,22,241014,0,0,0,0,0,2,3
26,"第一次隧道貫通工程施工　聯合工程準備中
<UIForeground>F2023B</UIForeground><UIGlow>F2023C</UIGlow>請為聯合工程的開工做好準備！","第一次隧道貫通工程施工　聯合工程準備中","開通隧道的第一次聯合工程舉辦時間確定啦！
到時候請務必要來幫忙呀！","開通隧道的第一次聯合工程舉辦時間確定啦！到時候一定要來幫忙呀！","探索威",7,158,23,241014,1451,0,0,0,0,2,3
27,"第一次隧道貫通工程施工　聯合工程進行中
<UIForeground>F2023B</UIForeground><UIGlow>F2023C</UIGlow>請積極參與其中吧！","第一次隧道貫通工程施工　聯合工程進行中","開通隧道的第一次聯合工程正在進行中！
請一定要來幫忙呀！","開通隧道的第一次聯合工程正在進行中！請一定要來幫忙呀！","探索威",7,158,24,241014,0,0,0,0,0,2,3
28,"第二次隧道貫通工程施工　聯合工程準備中
<UIForeground>F2023B</UIForeground><UIGlow>F2023C</UIGlow>請為聯合工程的開工做好準備！","第二次隧道貫通工程施工　聯合工程準備中","開通隧道的第二次聯合工程舉辦時間確定啦！
到時候請務必要來幫忙呀！","開通隧道的第二次聯合工程舉辦時間確定啦！到時候一定要來幫忙呀！","探索威",8,158,25,241015,1401,18,7,5,0,2,3
29,"第二次隧道貫通工程施工　聯合工程進行中
<UIForeground>F2023B</UIForeground><UIGlow>F2023C</UIGlow>請積極參與其中吧！","第二次隧道貫通工程施工　聯合工程進行中","開通隧道的第二次聯合工程正在進行中！
請一定要來幫忙呀！","開通隧道的第二次聯合工程正在進行中！請一定要來幫忙呀！","探索威",8,158,25,241015,0,0,0,0,0,2,3
30,"穿行威隧道　竣工
<UIForeground>F2023B</UIForeground><UIGlow>F2023C</UIGlow>下一項工程尚在計畫階段，請先隨意放鬆一下吧！","穿行威隧道　竣工","穿行威隧道順利開通啦！
相信今後對於隧道深處的探索會更進一步，感謝大家的幫助！","穿行威隧道順利開通啦！感謝大家的幫助！","探索威",9,158,26,241016,1408,18,8,5,0,2,3
31,"第四次宇宙快線鋪設工程　物資準備中
 <UIForeground>F2023B</UIForeground><UIGlow>F2023C</UIGlow>請積極參加探索任務籌備物資吧！","第四次宇宙快線鋪設工程　物資準備中","我們需要在隧道的另一邊鋪設宇宙快線！
請積極參加探索任務幫忙籌備物資！","我們需要在隧道的另一邊鋪設宇宙快線！一起籌備物資吧！","探索威",9,158,27,241017,0,0,0,0,0,2,3
32,"第四次宇宙快線鋪設工程　施工中
<UIForeground>F2023B</UIForeground><UIGlow>F2023C</UIGlow>請靜待宇宙快線鋪設完成！","第四次宇宙快線鋪設工程　施工中","宇宙快線西南線的竣工時間確定啦！
竣工之後整體環境將會變得更加便利，請再耐心等待一下！","宇宙快線西南線的竣工時間確定啦！","探索威",9,158,27,241017,1452,0,0,0,0,2,3
33,"宇宙快線西南線　竣工
<UIForeground>F2023B</UIForeground><UIGlow>F2023C</UIGlow>下一項工程尚在計畫階段，請先隨意放鬆一下吧！","宇宙快線西南線　竣工","宇宙快線西南線竣工啦！
相信今後的探索會更進一步，感謝大家的幫助！","宇宙快線西南線竣工啦！感謝大家的幫助！","探索威",10,158,28,241018,1412,18,9,5,0,2,3
34,"第二次基地擴建工程　物資準備中
 <UIForeground>F2023B</UIForeground><UIGlow>F2023C</UIGlow>請積極參加探索任務籌備物資吧！","第二次基地擴建工程　物資準備中","我們需要再次擴建月門基地！
請積極參加探索任務幫忙籌備物資！","我們需要再次擴建月門基地！一起籌備物資吧！","探索威",10,158,29,241019,0,0,0,0,0,2,3
35,"第二次基地擴建工程　聯合工程準備中
<UIForeground>F2023B</UIForeground><UIGlow>F2023C</UIGlow>請為聯合工程的開工做好準備！","第二次基地擴建工程　聯合工程準備中","再次擴建月門基地的聯合工程舉辦時間確定啦！
到時候請務必要來幫忙呀！","再次擴建月門基地的聯合工程舉辦時間確定啦！到時候一定要來幫忙呀！","探索威",10,158,30,241019,1451,0,0,0,0,2,3
36,"第二次基地擴建工程　聯合工程進行中
<UIForeground>F2023B</UIForeground><UIGlow>F2023C</UIGlow>請積極參與其中吧！","第二次基地擴建工程　聯合工程進行中","再次擴建月門基地的聯合工程正在進行中！
請一定要來幫忙呀！","再次擴建月門基地的聯合工程正在進行中！請一定要來幫忙呀！","探索威",10,158,31,241019,0,0,0,0,0,2,3
37,"月門基地：三級基地　竣工
<UIForeground>F2023B</UIForeground><UIGlow>F2023C</UIGlow>下一項工程尚在計畫階段，請先隨意放鬆一下吧！","月門基地：三級基地　竣工","月門基地擴建完畢啦！這次的成果更棒！
相信今後的探索活動會更進一步，感謝大家的幫助！","月門基地擴建完畢啦！這次的成果更棒！感謝大家的幫助！","探索威",11,158,32,241020,1410,18,10,5,1,2,3
38,"發電站&供水站　建設物資準備中
 <UIForeground>F2023B</UIForeground><UIGlow>F2023C</UIGlow>請積極參加探索任務籌備物資吧！","發電站&供水站　建設物資準備中","我們需要建設發電站和供水站！
請積極參加探索任務幫忙籌備物資！","我們需要建設發電站和供水站！一起籌備物資吧！","探索威",11,158,33,241021,0,0,0,0,1,2,3
39,"能源設施擴建工程支援行動　聯合工程準備中
<UIForeground>F2023B</UIForeground><UIGlow>F2023C</UIGlow>請為聯合工程的開工做好準備！","能源設施擴建工程支援行動　聯合工程準備中","建設發電站的聯合工程舉辦時間確定啦！
到時候請務必要來幫忙呀！","建設發電站的聯合工程舉辦時間確定啦！到時候一定要來幫忙呀！","探索威",11,158,34,241021,1451,0,0,0,1,2,3
40,"能源設施擴建工程支援行動　聯合工程進行中
<UIForeground>F2023B</UIForeground><UIGlow>F2023C</UIGlow>請積極參與其中吧！","能源設施擴建工程支援行動　聯合工程進行中","建設發電站的聯合工程正在進行中！
請一定要來幫忙呀！","建設發電站的聯合工程正在進行中！請一定要來幫忙呀！","探索威",11,158,35,241021,0,0,0,0,1,2,3
41,"供水設施擴建工程支援行動　聯合工程準備中
<UIForeground>F2023B</UIForeground><UIGlow>F2023C</UIGlow>請為聯合工程的開工做好準備！","供水設施擴建工程支援行動　聯合工程準備中","建設供水站的聯合工程舉辦時間確定啦！
到時候請務必要來幫忙呀！","建設供水站的聯合工程舉辦時間確定啦！到時候一定要來幫忙呀！","探索威",12,158,36,241022,1401,18,11,5,1,2,3
42,"供水設施擴建工程支援行動　聯合工程進行中
<UIForeground>F2023B</UIForeground><UIGlow>F2023C</UIGlow>請積極參與其中吧！","供水設施擴建工程支援行動　聯合工程進行中","建設供水站的聯合工程正在進行中！
請一定要來幫忙呀！","建設供水站的聯合工程正在進行中！請一定要來幫忙呀！","探索威",12,158,36,241022,0,0,0,0,1,2,3
43,"發電站&供水站　竣工
<UIForeground>F2023B</UIForeground><UIGlow>F2023C</UIGlow>下一項工程尚在計畫階段，請先隨意放鬆一下吧！","發電站&供水站　竣工","發電站和供水站竣工啦！
這下就暫時不用擔心能量和供水的問題了，感謝大家的幫助！","發電站和供水站竣工啦！感謝大家的幫助！","探索威",13,158,37,241023,1401,18,12,5,1,2,3
44,"二級機庫&宇宙港　改建物資準備中
 <UIForeground>F2023B</UIForeground><UIGlow>F2023C</UIGlow>請積極參加探索任務籌備物資吧！","二級機庫&宇宙港　改建物資準備中","我們需要改建機庫和宇宙港，使其具備更高性能！
請積極參加探索任務幫忙籌備物資！","我們需要改建機庫和宇宙港，使其具備更高性能！一起籌備物資吧！","探索威",13,158,38,241024,0,0,0,0,1,2,3
45,"第二次機庫擴建工程　聯合工程準備中
<UIForeground>F2023B</UIForeground><UIGlow>F2023C</UIGlow>請為聯合工程的開工做好準備！","第二次機庫擴建工程　聯合工程準備中","改建機庫的聯合工程舉辦時間確定啦！
到時候請務必要來幫忙呀！","改建機庫的聯合工程舉辦時間確定啦！到時候一定要來幫忙呀！","探索威",13,158,39,241024,1451,0,0,0,1,2,3
46,"第二次機庫擴建工程　聯合工程進行中
<UIForeground>F2023B</UIForeground><UIGlow>F2023C</UIGlow>請積極參與其中吧！","第二次機庫擴建工程　聯合工程進行中","改建機庫的聯合工程正在進行中！
請一定要來幫忙呀！","改建機庫的聯合工程正在進行中！請一定要來幫忙呀！","探索威",13,158,40,241024,0,0,0,0,1,2,3
47,"第二次宇宙港建設工程支援行動　聯合工程準備中
<UIForeground>F2023B</UIForeground><UIGlow>F2023C</UIGlow>請為聯合工程的開工做好準備！","第二次宇宙港建設工程支援行動　聯合工程準備中","改建宇宙港的聯合工程舉辦時間確定啦！
到時候請務必要來幫忙呀！","改建宇宙港的聯合工程舉辦時間確定啦！到時候一定要來幫忙呀！","探索威",14,158,41,241025,1402,18,13,5,1,2,3
48,"第二次宇宙港建設工程支援行動　聯合工程進行中
<UIForeground>F2023B</UIForeground><UIGlow>F2023C</UIGlow>請積極參與其中吧！","第二次宇宙港建設工程支援行動　聯合工程進行中","改建宇宙港的聯合工程正在進行中！
請一定要來幫忙呀！","改建宇宙港的聯合工程正在進行中！請一定要來幫忙呀！","探索威",14,158,41,241025,0,0,0,0,1,2,3
49,"三級機庫&二級宇宙港　竣工
<UIForeground>F2023B</UIForeground><UIGlow>F2023C</UIGlow>下一項工程尚在計畫階段，請先隨意放鬆一下吧！","三級機庫&二級宇宙港　竣工","機庫和宇宙港改建完畢啦！具備了更高性能！
相信今後探索活動將會更進一步，感謝大家的幫助！","機庫和宇宙港改建完畢啦！具備了更高性能！感謝大家的幫助！","探索威",15,158,42,241026,1402,18,14,5,1,2,3
50,"升降梯建設用地整備工程　物資準備中
 <UIForeground>F2023B</UIForeground><UIGlow>F2023C</UIGlow>請積極參加探索任務籌備物資吧！","升降梯建設用地整備工程　物資準備中","我們需要開通前往月底的升降梯！
請積極參加探索任務幫忙籌備物資！","我們需要開通前往月底的升降梯！一起籌備物資吧！","探索威",15,158,43,241027,0,0,0,0,1,2,3
51,"第一次升降梯建設用地整備工程　聯合工程準備中
<UIForeground>F2023B</UIForeground><UIGlow>F2023C</UIGlow>請為聯合工程的開工做好準備！","第一次升降梯建設用地整備工程　聯合工程準備中","開通月底升降梯的第一次聯合工程舉辦時間確定啦！
到時候請務必要來幫忙呀！","開通月底升降梯的第一次聯合工程舉辦時間確定啦！到時候一定要來幫忙呀！","探索威",15,158,44,241027,1451,0,0,0,1,2,3
52,"第一次升降梯建設用地整備工程　聯合工程進行中
<UIForeground>F2023B</UIForeground><UIGlow>F2023C</UIGlow>請積極參與其中吧！","第一次升降梯建設用地整備工程　聯合工程進行中","開通月底升降梯的第一次聯合工程正在進行中！
請一定要來幫忙呀！","開通月底升降梯的第一次聯合工程正在進行中！請一定要來幫忙呀！","探索威",15,158,45,241027,0,0,0,0,1,2,3
53,"第二次升降梯建設用地整備工程　聯合工程準備中
<UIForeground>F2023B</UIForeground><UIGlow>F2023C</UIGlow>請為聯合工程的開工做好準備！","第二次升降梯建設用地整備工程　聯合工程準備中","開通月底升降梯的第二次聯合工程舉辦時間確定啦！
到時候請務必要來幫忙呀！","開通月底升降梯的第二次聯合工程舉辦時間確定啦！到時候一定要來幫忙呀！","探索威",16,158,46,241028,1401,18,15,5,1,2,3
54,"第二次升降梯建設用地整備工程　聯合工程進行中
<UIForeground>F2023B</UIForeground><UIGlow>F2023C</UIGlow>請積極參與其中吧！","第二次升降梯建設用地整備工程　聯合工程進行中","開通月底升降梯的第二次聯合工程正在進行中！
請一定要來幫忙呀！","開通月底升降梯的第二次聯合工程正在進行中！請一定要來幫忙呀！","探索威",16,158,46,241028,0,0,0,0,1,2,3
55,"月底升降梯　竣工
<UIForeground>F2023B</UIForeground><UIGlow>F2023C</UIGlow>下一項工程尚在計畫階段，請先隨意放鬆一下吧！","月底升降梯　竣工","月底升降梯竣工啦！
相信今後對於地底空間的探索將會更進一步，感謝大家的幫助！","月底升降梯竣工啦！感謝大家的幫助！","探索威",17,158,47,241029,1411,18,16,5,1,2,3
56,"第五次宇宙快線鋪設工程　物資準備中
 <UIForeground>F2023B</UIForeground><UIGlow>F2023C</UIGlow>請積極參加探索任務籌備物資吧！","第五次宇宙快線鋪設工程　物資準備中","我們需要建設宇宙快線地底線！
請積極參加探索任務幫忙籌備物資！","我們需要建設宇宙快線地底線！一起籌備物資吧！","探索威",17,158,48,241030,0,0,0,0,1,2,3
57,"第五次宇宙快線鋪設工程　施工中
<UIForeground>F2023B</UIForeground><UIGlow>F2023C</UIGlow>請靜待宇宙快線鋪設完成！","第五次宇宙快線鋪設工程　施工中","宇宙快線地底線的竣工時間確定啦！
竣工之後整體環境將會變得更加便利，請再耐心等待一下！","宇宙快線地底線的竣工時間確定啦！","探索威",17,158,48,241030,1452,0,0,0,1,2,3
58,"宇宙快線地底線　竣工
<UIForeground>F2023B</UIForeground><UIGlow>F2023C</UIGlow>下一項工程尚在計畫階段，請先隨意放鬆一下吧！","宇宙快線地底線　竣工","宇宙快線地底線竣工啦！
相信今後的探索會更進一步，感謝大家的幫助！","宇宙快線地底線竣工啦！感謝大家的幫助！","探索威",18,158,49,241031,1404,18,17,5,1,2,3
59,"基地綜合設施擴建工程　物資準備中
 <UIForeground>F2023B</UIForeground><UIGlow>F2023C</UIGlow>請積極參加探索任務籌備物資吧！","基地綜合設施擴建工程　物資準備中","我們需要大幅擴建月門基地！
請積極參加探索任務幫忙籌備物資！","我們需要大幅擴建月門基地！一起籌備物資吧！","探索威",18,158,50,241032,0,0,0,0,1,2,3
60,"基地綜合設施擴建工程　聯合工程準備中
<UIForeground>F2023B</UIForeground><UIGlow>F2023C</UIGlow>請為聯合工程的開工做好準備！","基地綜合設施擴建工程　聯合工程準備中","大幅擴建月門基地的聯合工程舉辦時間確定啦！
到時候請務必要來幫忙呀！","大幅擴建月門基地的聯合工程舉辦時間確定啦！到時候一定要來幫忙呀！","探索威",18,158,51,241032,1451,0,0,0,1,2,3
61,"基地綜合設施擴建工程　聯合工程進行中
<UIForeground>F2023B</UIForeground><UIGlow>F2023C</UIGlow>請積極參與其中吧！","基地綜合設施擴建工程　聯合工程進行中","大幅擴建月門基地的聯合工程正在進行中！
請一定要來幫忙呀！","大幅擴建月門基地的聯合工程正在進行中！請一定要來幫忙呀！","探索威",18,158,52,241032,0,0,0,0,1,2,3
62,"月門基地：月上跳跳城　竣工
<UIForeground>F2023B</UIForeground><UIGlow>F2023C</UIGlow>心繫漫天星空，自由度過當下的時光吧！","月門基地：月上跳跳城　竣工","月門基地擴建完畢啦！
這下基地變得好氣派啊，感謝大家的幫助！","月門基地擴建完畢啦！感謝大家的幫助！","探索威",19,158,53,241033,1403,18,18,5,1,2,3
63,"月面基地整備計畫　圓滿完成
<UIForeground>F2023B</UIForeground><UIGlow>F2023C</UIGlow>心繫漫天星空，自由度過當下的時光吧！","月面基地整備計畫　圓滿完成","在大家的辛勤工作下，月球上的所有設施都建設完畢啦！
一想到接下來將要踏上的全新旅程，內心就激動不已！","在大家的辛勤工作下，月球上的所有設施都建設完畢啦！太感謝各位啦！","探索威",19,158,54,241034,0,0,0,0,1,2,3
64,"","","","","",0,0,0,0,0,0,0,0,0,0,0
65,"","","","","",0,0,0,0,0,0,0,0,0,0,0
66,"","","","","",0,0,0,0,0,0,0,0,0,0,0
67,"","","","","",0,0,0,0,0,0,0,0,0,0,0
68,"","","","","",0,0,0,0,0,0,0,0,0,0,0
69,"","","","","",0,0,0,0,0,0,0,0,0,0,0
70,"","","","","",0,0,0,0,0,0,0,0,0,0,0
71,"","","","","",0,0,0,0,0,0,0,0,0,0,0
72,"","","","","",0,0,0,0,0,0,0,0,0,0,0
73,"","","","","",0,0,0,0,0,0,0,0,0,0,0
74,"","","","","",0,0,0,0,0,0,0,0,0,0,0
75,"","","","","",0,0,0,0,0,0,0,0,0,0,0
76,"","","","","",0,0,0,0,0,0,0,0,0,0,0
77,"","","","","",0,0,0,0,0,0,0,0,0,0,0
78,"","","","","",0,0,0,0,0,0,0,0,0,0,0
79,"","","","","",0,0,0,0,0,0,0,0,0,0,0
80,"","","","","",0,0,0,0,0,0,0,0,0,0,0
81,"","","","","",0,0,0,0,0,0,0,0,0,0,0
82,"","","","","",0,0,0,0,0,0,0,0,0,0,0
83,"","","","","",0,0,0,0,0,0,0,0,0,0,0
84,"","","","","",0,0,0,0,0,0,0,0,0,0,0
85,"","","","","",0,0,0,0,0,0,0,0,0,0,0
86,"","","","","",0,0,0,0,0,0,0,0,0,0,0
87,"","","","","",0,0,0,0,0,0,0,0,0,0,0
88,"","","","","",0,0,0,0,0,0,0,0,0,0,0
89,"","","","","",0,0,0,0,0,0,0,0,0,0,0
90,"","","","","",0,0,0,0,0,0,0,0,0,0,0
91,"","","","","",0,0,0,0,0,0,0,0,0,0,0
92,"","","","","",0,0,0,0,0,0,0,0,0,0,0
93,"","","","","",0,0,0,0,0,0,0,0,0,0,0
94,"","","","","",0,0,0,0,0,0,0,0,0,0,0
95,"","","","","",0,0,0,0,0,0,0,0,0,0,0
96,"","","","","",0,0,0,0,0,0,0,0,0,0,0
97,"","","","","",0,0,0,0,0,0,0,0,0,0,0
98,"","","","","",0,0,0,0,0,0,0,0,0,0,0
99,"","","","","",0,0,0,0,0,0,0,0,0,0,0
100,"","","","","",0,0,0,0,0,0,0,0,0,0,0
101,"","","","","",0,0,0,0,0,0,0,0,0,0,0
102,"","","","","",0,0,0,0,0,0,0,0,0,0,0
103,"","","","","",0,0,0,0,0,0,0,0,0,0,0
104,"","","","","",0,0,0,0,0,0,0,0,0,0,0
105,"","","","","",0,0,0,0,0,0,0,0,0,0,0
106,"","","","","",0,0,0,0,0,0,0,0,0,0,0
107,"","","","","",0,0,0,0,0,0,0,0,0,0,0
108,"","","","","",0,0,0,0,0,0,0,0,0,0,0
109,"","","","","",0,0,0,0,0,0,0,0,0,0,0
110,"","","","","",0,0,0,0,0,0,0,0,0,0,0
111,"","","","","",0,0,0,0,0,0,0,0,0,0,0
112,"","","","","",0,0,0,0,0,0,0,0,0,0,0
113,"","","","","",0,0,0,0,0,0,0,0,0,0,0
114,"","","","","",0,0,0,0,0,0,0,0,0,0,0
115,"","","","","",0,0,0,0,0,0,0,0,0,0,0
116,"","","","","",0,0,0,0,0,0,0,0,0,0,0
117,"","","","","",0,0,0,0,0,0,0,0,0,0,0
118,"","","","","",0,0,0,0,0,0,0,0,0,0,0
119,"","","","","",0,0,0,0,0,0,0,0,0,0,0
120,"","","","","",0,0,0,0,0,0,0,0,0,0,0
121,"","","","","",0,0,0,0,0,0,0,0,0,0,0
122,"","","","","",0,0,0,0,0,0,0,0,0,0,0
123,"","","","","",0,0,0,0,0,0,0,0,0,0,0
124,"","","","","",0,0,0,0,0,0,0,0,0,0,0
125,"","","","","",0,0,0,0,0,0,0,0,0,0,0
126,"","","","","",0,0,0,0,0,0,0,0,0,0,0
127,"","","","","",0,0,0,0,0,0,0,0,0,0,0
128,"","","","","",0,0,0,0,0,0,0,0,0,0,0
129,"","","","","",0,0,0,0,0,0,0,0,0,0,0
130,"","","","","",0,0,0,0,0,0,0,0,0,0,0
131,"","","","","",0,0,0,0,0,0,0,0,0,0,0
132,"","","","","",0,0,0,0,0,0,0,0,0,0,0
133,"","","","","",0,0,0,0,0,0,0,0,0,0,0
