key,0,1,2
#,,,
int32,str,str,str
0,"","",""
1,"[第1期]","宇宙探索計畫的開始","即日起將由本人報導威執筆，記錄宇宙探索計畫的軌跡。

言歸正傳，探索威主任所構想的宏偉計畫終於啟動了！
目前作為從月面前往外宇宙的港口而設置的月門基地中，僅有寥寥數台機械。
要在月面或是廣大的外星大地奔馳，很可能用到重型機具。而供重型機具停放的機庫，以及供計畫的協助者們交易備用物資的店鋪等設施還處於臨時搭設的狀態。

更令我們擔心的是，偶爾會有小型隕石群落在這渴望灣之中……
雖然我們的衣服在設計之初就考慮到在外星活動的情況，使用了十分結實的材料，但住在臨時搭建的帳篷裡還是讓人擔心害怕！
因此，從亞伊太利斯前來協助的各位，我希望能借助你們的力量，盡快讓月面基地的基礎設施變得完善！"
2,"[第2期]","擴建月門基地","來自亞伊太利斯的協助者們陸續抵達了！
他們之中不乏在迷津參與過方舟計畫的研究者、在薩雷安魔法大學鑽研最新宇宙理論的教授，以及有名的拾穗人、冒險者和工匠，可謂人才濟濟！多虧他們的努力，月門基地的基礎設施升級了。

 臨時搭建的帳篷如今換成了結實的強化金屬製屋頂！這下就不用擔心寶貴的物資被墜落物砸壞，可以放心繼續進行接下來的計畫了。
>
托大家的福，宇宙探索計畫的開始階段進展順利。接下來就以這月門基地的周邊為立足點，進一步探索渴望灣的各處吧。"
3,"[第3期]","初次開通宇宙快線","我們兔兔族長期生活在這月面之上，如今才對它這樣大費周章地探索，想必各位讀者會覺得很奇怪吧。
不過，除了對探索外宇宙的出發地展開建設之外，我們在渴望灣的活動還有另一個目的，那就是提前演練，為將來前往外星做好準備。

這次製造完成的「宇宙快線」，也是以能在外星使用為前提而設計的移動設備。
外星的地脈未必穩定，因此可能會需要不依靠傳送魔法的高速移動手段。
當前的目標是讓宇宙快線的通行範圍覆蓋渴望灣全域，安全穩定地運作。"
4,"[第4期]","居住艙和宇宙港竣工","提供給來自亞伊太利斯的各位協助者們的「居住艙」，以及供宇宙飛船起降的「宇宙港」，目前均已竣工！
 現階段兩者僅具備基礎功能，但今後會繼續進行擴建。
 
 在建設居住艙時，我們吸取了樂園都市笑笑鎮的失敗經驗，相信這次可以提供保證安全、舒適的居住環境！
 
 我們把乙太學最新的研究成果應用在宇宙港的設計上，現在能夠精準地讓宇宙飛船受到宇宙空間中稀薄的乙太流——宙脈的引導了。
 目前雖然只完成了基礎部分，不過我們又向外星之旅邁出了踏實的一步！"
5,"[第5期]","改良機庫","為了提高在外星探索和各種作業的效率，我們兔兔族與人類研究者共同開發了秘密機械……新型機具！

雖然機具在機甲行動中表現活躍，不過由於機具之前都保管在帳篷裡，因此有時會受到粉塵與墜落物影響而故障。
但貨櫃型的機庫建成後，機具就不會再受到環境的影響了。
聽說機庫裡現在還能進行更高級的調整維護，相信機具的運行效率也能不斷改善！"
6,"[第6期]","宇宙快線向西北區域延伸","宇宙快線目前已經通到了渴望灣西北部的葫蘆灣！

此外，途經站點均配備了工作人員休息處和機具能量補給處。在探索遠方的區域前，可以先在這些站點做好充足準備。
經宇宙快線前往各區域時，不妨留意一下各站點的這些設施！"
7,"[第7期]","宇宙快線向東南區域延伸","宇宙快線目前已經通到了渴望灣東南部的「婚禮威的庭園」！

這片區域是土壤改良的實驗場，因為月球的土質不太適合栽培植物，我們投用了營養劑。
這項計畫的負責人是個叫婚禮威的兔兔族，他和來自薩雷安的植物學家正在共同嘗試各種植物和菌類的繁殖與雜交。另外，據說總在嘆息海欣賞奇異菌類的愛情威也經常出入這裡……也許這就是庭園裡的蘑菇遠比花多的原因。"
8,"[第8期]","穿行威隧道開通","貫穿西南部環形山的穿行威隧道現已開通！

這座環形山名為閃亮山，山體由非常堅硬的水晶層與較為柔軟的岩石層混合組成，此次隧道建設對於我們來說是一次檢驗技術實力的絕佳機會。
為此我們和薩雷安的研究者共同設計了新的潛盾隧道，促成了隧道的順利完工。
想必本次施工的經驗在往後外星探索時也會派上用場！"
9,"[第9期]","宇宙快線向隧道內部區域延伸","宇宙快線目前已經通到了渴望灣西南部的穿行威隧道內部區域！

在穿行威隧道內部，不但有可能採掘到特殊礦物，我們還發現了過去墜落的古代亞拉戈文明的遺物。如果能有效利用這些資源，宇宙探索計畫應該能取得進一步發展。"
10,"[第10期]","進一步擴建月門基地","真是令人感嘆，我似乎看到一座新的城市正在這月面之上拔地而起。在各位的協助下，月門基地新一輪的擴建已經完成！
 
 在本次擴建中，為了使分散配置的各類設施能更有效率地配合，我們進一步整修了道路、隔離牆以及管線等設施。
 除了改善居住環境以外，我們也改建了備用物資的供給處，歡迎各位協助者們繼續光臨。
 
 雖然仍有待解決的課題，但我們會繼續擴充這座基地的設施！"
11,"[第11期]","能源與水利設施竣工","在各位的幫助下，新的發電站與供水站建設完成了！

電力對宇宙飛船而言是不可或缺的，因此能夠產生龐大電力的發電站對宇宙探索計畫來說有著極為重要的意義。
另外，淨水設施能利用中控水晶的力量淨化從魔泉汲取的水，提高了獲取飲用水的便捷性。
能源和水——這兩處設施的建立為我們架起了生命線！"
12,"[第12期]","機庫和宇宙港完工","機庫和宇宙港的建設終於完工了！

兩處設施現在均經由地下雷線直連發電站，針對機具和宇宙飛船的能源供給體系也已完備。
另一方面，為了應對發電站故障的情況，在機庫和宇宙港都配有小型輔助發電設備，作為備用能源。
居安思危，時常為最壞的情況做好準備是非常重要的！"
13,"[第13期]","開通月底升降梯","為了前往渴望灣東北部地裂之下的巨大空間，我們開通了月底升降梯！

這片空間是由無人機調查發現的，為了累積外星探索的經驗，我們決定在這裡開路並開採資源。
我們應用挖掘隧道時累積的經驗，建造了能夠搭載重型機械的升降梯，這一成功讓我們士氣大振。

另外，成功探索月底一帶後，我們就探索過渴望灣的所有區域了。
今後我們仍會步履不停，繼續推進宇宙探索計畫！"
14,"[第14期]","宇宙快線向月底延伸","宇宙快線目前已經通到了渴望灣東北部的月底區域！
現在我們能搭乘宇宙快線往來渴望灣全域了！

雖然施工的過程困難重重，但我們終於能夠輕鬆前往魔泉瀑布和生長著大量菌類的小洞窟了，這是巨大的收獲。
這些成功的經驗將來在探索外星的過程中一定能派上用場。讓我們今後繼續通力合作吧！"
15,"[第15期]","月上跳跳城竣工","在月門基地的中央張開了一個巨大的圓形穹頂，宛如月面之上升起了另一輪明月，令人嘆為觀止！

它的名字是「月上跳跳城」！
我們聚集在穹頂之下，渴望著從月面起跳，前往光輝燦爛的星河……這就是月上跳跳城名字的由來。

在設計方面，我們採用了圓形的穹頂覆蓋住這座城市，這樣既能減輕隕石擊中中控水晶的風險，也能為大家提供安心的生活保障。
希望研究員們和兔兔族在四處奔波之餘，在這裡隨意小憩、放鬆身心。
這座渴望灣中央設施的完工，同時也意味著我們在月面之上的探索告一段落。
這段時間我們獲得了許多人的鼎力相助，我在此鄭重地向大家表示感謝！"
16,"[第16期]","對未知群星的憧憬從月球啟航","目前計畫中的全部設施均已建設完成，準備就緒的新飛船正在宇宙港裡蓄勢待發！
 
 這些日子以來，我們不辭辛勞、揮汗如雨。
當探索威主任和各位人類不經意間仰望黑暗深邃的太空，眼中映入群星的光輝之時……在一賞此番美景的瞬間，我在日誌中所寫下的種種艱難困苦便成為了過去。
 
 好了，是時候飛向群星，展開新的探索之旅了！
本人衷心期待未來還能繼續為宇宙探索的軌跡記錄新的篇章！"
17,"","",""
18,"","",""
19,"","",""
20,"","",""
21,"","",""
22,"","",""
23,"","",""
24,"","",""
25,"","",""
26,"","",""
27,"","",""
28,"","",""
29,"","",""
30,"","",""
31,"","",""
32,"","",""
33,"","",""
